alpha,variable,value,country,year
0,Argentina2001,15,Argentina,2001
1,Argentina2001,7.24812553,Argentina,2001
2,Argentina2001,4.500523509,Argentina,2001
3,Argentina2001,3.557052037,Argentina,2001
4,Argentina2001,3.153413596,Argentina,2001
5,Argentina2001,2.945595901,Argentina,2001
6,Argentina2001,2.823005194,Argentina,2001
7,Argentina2001,2.743188695,Argentina,2001
8,Argentina2001,2.687358731,Argentina,2001
9,Argentina2001,2.646187349,Argentina,2001
10,Argentina2001,2.614591132,Argentina,2001
11,Argentina2001,2.589583502,Argentina,2001
12,Argentina2001,2.569300125,Argentina,2001
13,Argentina2001,2.552518578,Argentina,2001
14,Argentina2001,2.538404414,Argentina,2001
15,Argentina2001,2.526368682,Argentina,2001
16,Argentina2001,2.515983883,Argentina,2001
17,Argentina2001,2.506932207,Argentina,2001
18,Argentina2001,2.498972481,Argentina,2001
19,Argentina2001,2.491918388,Argentina,2001
20,Argentina2001,2.485623711,Argentina,2001
Inf,Argentina2001,2.395842121,Argentina,2001
0,Argentina2003,15,Argentina,2003
1,Argentina2003,9.59381297,Argentina,2003
2,Argentina2003,7.179858789,Argentina,2003
3,Argentina2003,5.970072586,Argentina,2003
4,Argentina2003,5.290969528,Argentina,2003
5,Argentina2003,4.881673014,Argentina,2003
6,Argentina2003,4.618767793,Argentina,2003
7,Argentina2003,4.439849576,Argentina,2003
8,Argentina2003,4.311930631,Argentina,2003
9,Argentina2003,4.216660325,Argentina,2003
10,Argentina2003,4.143283484,Argentina,2003
11,Argentina2003,4.085183935,Argentina,2003
12,Argentina2003,4.038112935,Argentina,2003
13,Argentina2003,3.999237556,Argentina,2003
14,Argentina2003,3.966605953,Argentina,2003
15,Argentina2003,3.93883425,Argentina,2003
16,Argentina2003,3.914916289,Argentina,2003
17,Argentina2003,3.894104165,Argentina,2003
18,Argentina2003,3.875830953,Argentina,2003
19,Argentina2003,3.859659385,Argentina,2003
20,Argentina2003,3.845246947,Argentina,2003
Inf,Argentina2003,3.641589394,Argentina,2003
0,Argentina2005,15,Argentina,2005
1,Argentina2005,6.797204037,Argentina,2005
2,Argentina2005,4.454361738,Argentina,2005
3,Argentina2005,3.755834195,Argentina,2005
4,Argentina2005,3.453116946,Argentina,2005
5,Argentina2005,3.284151151,Argentina,2005
6,Argentina2005,3.17466774,Argentina,2005
7,Argentina2005,3.097096001,Argentina,2005
8,Argentina2005,3.038971219,Argentina,2005
9,Argentina2005,2.993760736,Argentina,2005
10,Argentina2005,2.957641355,Argentina,2005
11,Argentina2005,2.928187708,Argentina,2005
12,Argentina2005,2.903768981,Argentina,2005
13,Argentina2005,2.883241195,Argentina,2005
14,Argentina2005,2.865776124,Argentina,2005
15,Argentina2005,2.850759318,Argentina,2005
16,Argentina2005,2.837725895,Argentina,2005
17,Argentina2005,2.826318329,Argentina,2005
18,Argentina2005,2.816257762,Argentina,2005
19,Argentina2005,2.807323973,Argentina,2005
20,Argentina2005,2.799341101,Argentina,2005
Inf,Argentina2005,2.685355242,Argentina,2005
0,Argentina2007,15,Argentina,2007
1,Argentina2007,6.710983009,Argentina,2007
2,Argentina2007,4.135853591,Argentina,2007
3,Argentina2007,3.402414212,Argentina,2007
4,Argentina2007,3.091869132,Argentina,2007
5,Argentina2007,2.921529483,Argentina,2007
6,Argentina2007,2.814151169,Argentina,2007
7,Argentina2007,2.740660513,Argentina,2007
8,Argentina2007,2.687519696,Argentina,2007
9,Argentina2007,2.647507646,Argentina,2007
10,Argentina2007,2.616411753,Argentina,2007
11,Argentina2007,2.591615454,Argentina,2007
12,Argentina2007,2.571415374,Argentina,2007
13,Argentina2007,2.554660419,Argentina,2007
14,Argentina2007,2.540548155,Argentina,2007
15,Argentina2007,2.528504096,Argentina,2007
16,Argentina2007,2.518107252,Argentina,2007
17,Argentina2007,2.509042695,Argentina,2007
18,Argentina2007,2.501070473,Argentina,2007
19,Argentina2007,2.494004733,Argentina,2007
20,Argentina2007,2.487699383,Argentina,2007
Inf,Argentina2007,2.397762289,Argentina,2007
0,Brazil2001,15,Brazil,2001
1,Brazil2001,5.593890498,Brazil,2001
2,Brazil2001,3.139805825,Brazil,2001
3,Brazil2001,2.520364028,Brazil,2001
4,Brazil2001,2.289583898,Brazil,2001
5,Brazil2001,2.176009588,Brazil,2001
6,Brazil2001,2.109673299,Brazil,2001
7,Brazil2001,2.06642492,Brazil,2001
8,Brazil2001,2.036050098,Brazil,2001
9,Brazil2001,2.013557308,Brazil,2001
10,Brazil2001,1.996233876,Brazil,2001
11,Brazil2001,1.98248231,Brazil,2001
12,Brazil2001,1.971301481,Brazil,2001
13,Brazil2001,1.962032299,Brazil,2001
14,Brazil2001,1.954223194,Brazil,2001
15,Brazil2001,1.947554418,Brazil,2001
16,Brazil2001,1.941793223,Brazil,2001
17,Brazil2001,1.936766159,Brazil,2001
18,Brazil2001,1.932341324,Brazil,2001
19,Brazil2001,1.928416624,Brazil,2001
20,Brazil2001,1.924911808,Brazil,2001
Inf,Brazil2001,1.87464695,Brazil,2001
0,Brazil2003,15,Brazil,2003
1,Brazil2003,3.544347465,Brazil,2003
2,Brazil2003,1.912714358,Brazil,2003
3,Brazil2003,1.647555382,Brazil,2003
4,Brazil2003,1.559350678,Brazil,2003
5,Brazil2003,1.516680351,Brazil,2003
6,Brazil2003,1.491622071,Brazil,2003
7,Brazil2003,1.475145895,Brazil,2003
8,Brazil2003,1.463488672,Brazil,2003
9,Brazil2003,1.454806244,Brazil,2003
10,Brazil2003,1.448088872,Brazil,2003
11,Brazil2003,1.442737314,Brazil,2003
12,Brazil2003,1.438373479,Brazil,2003
13,Brazil2003,1.434747035,Brazil,2003
14,Brazil2003,1.431685647,Brazil,2003
15,Brazil2003,1.4290668,Brazil,2003
16,Brazil2003,1.426801008,Brazil,2003
17,Brazil2003,1.424821388,Brazil,2003
18,Brazil2003,1.423076944,Brazil,2003
19,Brazil2003,1.421528121,Brazil,2003
20,Brazil2003,1.420143761,Brazil,2003
Inf,Brazil2003,1.400159364,Brazil,2003
0,Brazil2005,15,Brazil,2005
1,Brazil2005,7.179302805,Brazil,2005
2,Brazil2005,5.028145218,Brazil,2005
3,Brazil2005,4.294364679,Brazil,2005
4,Brazil2005,3.962303824,Brazil,2005
5,Brazil2005,3.779062474,Brazil,2005
6,Brazil2005,3.662980259,Brazil,2005
7,Brazil2005,3.581962848,Brazil,2005
8,Brazil2005,3.521450428,Brazil,2005
9,Brazil2005,3.474046962,Brazil,2005
10,Brazil2005,3.435629423,Brazil,2005
11,Brazil2005,3.403714178,Brazil,2005
12,Brazil2005,3.376705146,Brazil,2005
13,Brazil2005,3.353519883,Brazil,2005
14,Brazil2005,3.333390817,Brazil,2005
15,Brazil2005,3.3157533,Brazil,2005
16,Brazil2005,3.300179273,Brazil,2005
17,Brazil2005,3.28633614,Brazil,2005
18,Brazil2005,3.273960227,Brazil,2005
19,Brazil2005,3.262839021,Brazil,2005
20,Brazil2005,3.252798886,Brazil,2005
Inf,Brazil2005,3.103267874,Brazil,2005
0,Brazil2007,15,Brazil,2007
1,Brazil2007,2.866173162,Brazil,2007
2,Brazil2007,1.689423306,Brazil,2007
3,Brazil2007,1.501766776,Brazil,2007
4,Brazil2007,1.436609343,Brazil,2007
5,Brazil2007,1.404542788,Brazil,2007
6,Brazil2007,1.385595278,Brazil,2007
7,Brazil2007,1.373100524,Brazil,2007
8,Brazil2007,1.364244183,Brazil,2007
9,Brazil2007,1.357639373,Brazil,2007
10,Brazil2007,1.352524408,Brazil,2007
11,Brazil2007,1.348446313,Brazil,2007
12,Brazil2007,1.345118837,Brazil,2007
13,Brazil2007,1.342352214,Brazil,2007
14,Brazil2007,1.34001567,Brazil,2007
15,Brazil2007,1.338016155,Brazil,2007
16,Brazil2007,1.336285656,Brazil,2007
17,Brazil2007,1.334773306,Brazil,2007
18,Brazil2007,1.3334403,Brazil,2007
19,Brazil2007,1.332256524,Brazil,2007
20,Brazil2007,1.331198246,Brazil,2007
Inf,Brazil2007,1.315899822,Brazil,2007
0,Chile2001,8,Chile,2001
1,Chile2001,4.449536923,Chile,2001
2,Chile2001,3.51080951,Chile,2001
3,Chile2001,3.112810143,Chile,2001
4,Chile2001,2.890139365,Chile,2001
5,Chile2001,2.750773925,Chile,2001
6,Chile2001,2.657780215,Chile,2001
7,Chile2001,2.592634022,Chile,2001
8,Chile2001,2.545103394,Chile,2001
9,Chile2001,2.509205364,Chile,2001
10,Chile2001,2.481283721,Chile,2001
11,Chile2001,2.459016904,Chile,2001
12,Chile2001,2.440879128,Chile,2001
13,Chile2001,2.42583578,Chile,2001
14,Chile2001,2.413165165,Chile,2001
15,Chile2001,2.402350827,Chile,2001
16,Chile2001,2.393014581,Chile,2001
17,Chile2001,2.384873712,Chile,2001
18,Chile2001,2.377712922,Chile,2001
19,Chile2001,2.371365509,Chile,2001
20,Chile2001,2.365700455,Chile,2001
Inf,Chile2001,2.284811083,Chile,2001
0,Chile2003,14,Chile,2003
1,Chile2003,5.900658267,Chile,2003
2,Chile2003,4.118342746,Chile,2003
3,Chile2003,3.45956491,Chile,2003
4,Chile2003,3.13134341,Chile,2003
5,Chile2003,2.94493102,Chile,2003
6,Chile2003,2.828739898,Chile,2003
7,Chile2003,2.750824003,Chile,2003
8,Chile2003,2.695482786,Chile,2003
9,Chile2003,2.654355154,Chile,2003
10,Chile2003,2.622671798,Chile,2003
11,Chile2003,2.597548775,Chile,2003
12,Chile2003,2.577153867,Chile,2003
13,Chile2003,2.560273125,Chile,2003
14,Chile2003,2.546072896,Chile,2003
15,Chile2003,2.533962809,Chile,2003
16,Chile2003,2.523513533,Chile,2003
17,Chile2003,2.514405579,Chile,2003
18,Chile2003,2.506396374,Chile,2003
19,Chile2003,2.49929847,Chile,2003
20,Chile2003,2.49296474,Chile,2003
Inf,Chile2003,2.402631698,Chile,2003
0,Chile2005,10,Chile,2005
1,Chile2005,4.563984615,Chile,2005
2,Chile2005,3.041647406,Chile,2005
3,Chile2005,2.580260147,Chile,2005
4,Chile2005,2.378977248,Chile,2005
5,Chile2005,2.268902209,Chile,2005
6,Chile2005,2.200505632,Chile,2005
7,Chile2005,2.154402958,Chile,2005
8,Chile2005,2.121470928,Chile,2005
9,Chile2005,2.096883749,Chile,2005
10,Chile2005,2.077875407,Chile,2005
11,Chile2005,2.062761609,Chile,2005
12,Chile2005,2.050465547,Chile,2005
13,Chile2005,2.040270164,Chile,2005
14,Chile2005,2.031681079,Chile,2005
15,Chile2005,2.02434707,Chile,2005
16,Chile2005,2.018012061,Chile,2005
17,Chile2005,2.01248508,Chile,2005
18,Chile2005,2.007620859,Chile,2005
19,Chile2005,2.003306959,Chile,2005
20,Chile2005,1.999455005,Chile,2005
Inf,Chile2005,1.944256638,Chile,2005
0,Chile2007,15,Chile,2007
1,Chile2007,4.260499907,Chile,2007
2,Chile2007,2.842781041,Chile,2007
3,Chile2007,2.503714484,Chile,2007
4,Chile2007,2.352201516,Chile,2007
5,Chile2007,2.263172955,Chile,2007
6,Chile2007,2.204001083,Chile,2007
7,Chile2007,2.161992316,Chile,2007
8,Chile2007,2.130858277,Chile,2007
9,Chile2007,2.107026004,Chile,2007
10,Chile2007,2.088297453,Chile,2007
11,Chile2007,2.073249722,Chile,2007
12,Chile2007,2.06092711,Chile,2007
13,Chile2007,2.050668543,Chile,2007
14,Chile2007,2.042005136,Chile,2007
15,Chile2007,2.03459687,Chile,2007
16,Chile2007,2.028192204,Chile,2007
17,Chile2007,2.022601638,Chile,2007
18,Chile2007,2.017680034,Chile,2007
19,Chile2007,2.013314529,Chile,2007
20,Chile2007,2.009416145,Chile,2007
Inf,Chile2007,1.953551047,Chile,2007
0,Columbia2001,15,Columbia,2001
1,Columbia2001,5.075726938,Columbia,2001
2,Columbia2001,3.067665376,Columbia,2001
3,Columbia2001,2.623010783,Columbia,2001
4,Columbia2001,2.439348521,Columbia,2001
5,Columbia2001,2.335758121,Columbia,2001
6,Columbia2001,2.268765753,Columbia,2001
7,Columbia2001,2.2221477,Columbia,2001
8,Columbia2001,2.188096189,Columbia,2001
9,Columbia2001,2.162297781,Columbia,2001
10,Columbia2001,2.142168247,Columbia,2001
11,Columbia2001,2.126073044,Columbia,2001
12,Columbia2001,2.112935287,Columbia,2001
13,Columbia2001,2.102021504,Columbia,2001
14,Columbia2001,2.092817704,Columbia,2001
15,Columbia2001,2.084954575,Columbia,2001
16,Columbia2001,2.078160777,Columbia,2001
17,Columbia2001,2.072232927,Columbia,2001
18,Columbia2001,2.067015821,Columbia,2001
19,Columbia2001,2.062389084,Columbia,2001
20,Columbia2001,2.058257987,Columbia,2001
Inf,Columbia2001,1.999093871,Columbia,2001
0,Columbia2003,15,Columbia,2003
1,Columbia2003,5.423036798,Columbia,2003
2,Columbia2003,3.310317034,Columbia,2003
3,Columbia2003,2.754573474,Columbia,2003
4,Columbia2003,2.522141869,Columbia,2003
5,Columbia2003,2.39692555,Columbia,2003
6,Columbia2003,2.319659253,Columbia,2003
7,Columbia2003,2.267769513,Columbia,2003
8,Columbia2003,2.230782071,Columbia,2003
9,Columbia2003,2.203203248,Columbia,2003
10,Columbia2003,2.181900696,Columbia,2003
11,Columbia2003,2.164973353,Columbia,2003
12,Columbia2003,2.151208426,Columbia,2003
13,Columbia2003,2.139799463,Columbia,2003
14,Columbia2003,2.130191009,Columbia,2003
15,Columbia2003,2.121988752,Columbia,2003
16,Columbia2003,2.114905368,Columbia,2003
17,Columbia2003,2.108726681,Columbia,2003
18,Columbia2003,2.103289841,Columbia,2003
19,Columbia2003,2.098468842,Columbia,2003
20,Columbia2003,2.094164677,Columbia,2003
Inf,Columbia2003,2.032547465,Columbia,2003
0,Columbia2005,15,Columbia,2005
1,Columbia2005,4.985301392,Columbia,2005
2,Columbia2005,3.525444243,Columbia,2005
3,Columbia2005,3.181679985,Columbia,2005
4,Columbia2005,3.038272187,Columbia,2005
5,Columbia2005,2.959829829,Columbia,2005
6,Columbia2005,2.910259299,Columbia,2005
7,Columbia2005,2.87587027,Columbia,2005
8,Columbia2005,2.850363842,Columbia,2005
9,Columbia2005,2.830475195,Columbia,2005
10,Columbia2005,2.814362895,Columbia,2005
11,Columbia2005,2.800917874,Columbia,2005
12,Columbia2005,2.789435499,Columbia,2005
13,Columbia2005,2.779447685,Columbia,2005
14,Columbia2005,2.770631534,Columbia,2005
15,Columbia2005,2.762756967,Columbia,2005
16,Columbia2005,2.755655361,Columbia,2005
17,Columbia2005,2.749200029,Columbia,2005
18,Columbia2005,2.743293663,Columbia,2005
19,Columbia2005,2.737860018,Columbia,2005
20,Columbia2005,2.732838264,Columbia,2005
Inf,Columbia2005,2.638615628,Columbia,2005
0,Costa.Rica2001,7,Costa.Rica,2001
1,Costa.Rica2001,3.096946896,Costa.Rica,2001
2,Costa.Rica2001,2.36086529,Costa.Rica,2001
3,Costa.Rica2001,2.154762378,Costa.Rica,2001
4,Costa.Rica2001,2.053944549,Costa.Rica,2001
5,Costa.Rica2001,1.991174932,Costa.Rica,2001
6,Costa.Rica2001,1.948123203,Costa.Rica,2001
7,Costa.Rica2001,1.917050591,Costa.Rica,2001
8,Costa.Rica2001,1.893818336,Costa.Rica,2001
9,Costa.Rica2001,1.875948353,Costa.Rica,2001
10,Costa.Rica2001,1.861866006,Costa.Rica,2001
11,Costa.Rica2001,1.850531926,Costa.Rica,2001
12,Costa.Rica2001,1.841239841,Costa.Rica,2001
13,Costa.Rica2001,1.83349778,Costa.Rica,2001
14,Costa.Rica2001,1.826955322,Costa.Rica,2001
15,Costa.Rica2001,1.821357694,Costa.Rica,2001
16,Costa.Rica2001,1.816516106,Costa.Rica,2001
17,Costa.Rica2001,1.812288179,Costa.Rica,2001
18,Costa.Rica2001,1.808564772,Costa.Rica,2001
19,Costa.Rica2001,1.805260966,Costa.Rica,2001
20,Costa.Rica2001,1.802309776,Costa.Rica,2001
Inf,Costa.Rica2001,1.75992021,Costa.Rica,2001
0,Costa.Rica2003,11,Costa.Rica,2003
1,Costa.Rica2003,4.609017923,Costa.Rica,2003
2,Costa.Rica2003,2.738788356,Costa.Rica,2003
3,Costa.Rica2003,2.262687716,Costa.Rica,2003
4,Costa.Rica2003,2.08176665,Costa.Rica,2003
5,Costa.Rica2003,1.991012361,Costa.Rica,2003
6,Costa.Rica2003,1.937393082,Costa.Rica,2003
7,Costa.Rica2003,1.902225559,Costa.Rica,2003
8,Costa.Rica2003,1.877447299,Costa.Rica,2003
9,Costa.Rica2003,1.859064188,Costa.Rica,2003
10,Costa.Rica2003,1.844888075,Costa.Rica,2003
11,Costa.Rica2003,1.833624422,Costa.Rica,2003
12,Costa.Rica2003,1.824459723,Costa.Rica,2003
13,Costa.Rica2003,1.816857439,Costa.Rica,2003
14,Costa.Rica2003,1.810449475,Costa.Rica,2003
15,Costa.Rica2003,1.804974924,Costa.Rica,2003
16,Costa.Rica2003,1.800243705,Costa.Rica,2003
17,Costa.Rica2003,1.796114062,Costa.Rica,2003
18,Costa.Rica2003,1.792478127,Costa.Rica,2003
19,Costa.Rica2003,1.789252365,Costa.Rica,2003
20,Costa.Rica2003,1.786371077,Costa.Rica,2003
Inf,Costa.Rica2003,1.744982214,Costa.Rica,2003
0,Costa.Rica2005,15,Costa.Rica,2005
1,Costa.Rica2005,8.441075039,Costa.Rica,2005
2,Costa.Rica2005,4.79265833,Costa.Rica,2005
3,Costa.Rica2005,3.60000139,Costa.Rica,2005
4,Costa.Rica2005,3.153978523,Costa.Rica,2005
5,Costa.Rica2005,2.93919987,Costa.Rica,2005
6,Costa.Rica2005,2.815683544,Costa.Rica,2005
7,Costa.Rica2005,2.73596127,Costa.Rica,2005
8,Costa.Rica2005,2.68035345,Costa.Rica,2005
9,Costa.Rica2005,2.639381127,Costa.Rica,2005
10,Costa.Rica2005,2.60794536,Costa.Rica,2005
11,Costa.Rica2005,2.58306614,Costa.Rica,2005
12,Costa.Rica2005,2.562886968,Costa.Rica,2005
13,Costa.Rica2005,2.546191446,Costa.Rica,2005
14,Costa.Rica2005,2.53214944,Costa.Rica,2005
15,Costa.Rica2005,2.520175086,Costa.Rica,2005
16,Costa.Rica2005,2.509843126,Costa.Rica,2005
17,Costa.Rica2005,2.500837413,Costa.Rica,2005
18,Costa.Rica2005,2.492918035,Costa.Rica,2005
19,Costa.Rica2005,2.485899644,Costa.Rica,2005
20,Costa.Rica2005,2.479636781,Costa.Rica,2005
Inf,Costa.Rica2005,2.39030433,Costa.Rica,2005
0,Costa.Rica2007,15,Costa.Rica,2007
1,Costa.Rica2007,8.874956907,Costa.Rica,2007
2,Costa.Rica2007,6.12244898,Costa.Rica,2007
3,Costa.Rica2007,5.061894487,Costa.Rica,2007
4,Costa.Rica2007,4.573443005,Costa.Rica,2007
5,Costa.Rica2007,4.301632901,Costa.Rica,2007
6,Costa.Rica2007,4.128603478,Costa.Rica,2007
7,Costa.Rica2007,4.008009421,Costa.Rica,2007
8,Costa.Rica2007,3.918642705,Costa.Rica,2007
9,Costa.Rica2007,3.84953717,Costa.Rica,2007
10,Costa.Rica2007,3.794438143,Costa.Rica,2007
11,Costa.Rica2007,3.749487407,Costa.Rica,2007
12,Costa.Rica2007,3.712152993,Costa.Rica,2007
13,Costa.Rica2007,3.680690779,Costa.Rica,2007
14,Costa.Rica2007,3.653852998,Costa.Rica,2007
15,Costa.Rica2007,3.630720026,Costa.Rica,2007
16,Costa.Rica2007,3.61059782,Costa.Rica,2007
17,Costa.Rica2007,3.592952392,Costa.Rica,2007
18,Costa.Rica2007,3.57736627,Costa.Rica,2007
19,Costa.Rica2007,3.56350861,Costa.Rica,2007
20,Costa.Rica2007,3.551114116,Costa.Rica,2007
Inf,Costa.Rica2007,3.374118638,Costa.Rica,2007
0,Paraguay2003,8,Paraguay,2003
1,Paraguay2003,2.94657854,Paraguay,2003
2,Paraguay2003,1.875462392,Paraguay,2003
3,Paraguay2003,1.640394958,Paraguay,2003
4,Paraguay2003,1.555209067,Paraguay,2003
5,Paraguay2003,1.513120233,Paraguay,2003
6,Paraguay2003,1.48828701,Paraguay,2003
7,Paraguay2003,1.471942519,Paraguay,2003
8,Paraguay2003,1.460375833,Paraguay,2003
9,Paraguay2003,1.45176023,Paraguay,2003
10,Paraguay2003,1.445094323,Paraguay,2003
11,Paraguay2003,1.439783636,Paraguay,2003
12,Paraguay2003,1.435453048,Paraguay,2003
13,Paraguay2003,1.431854176,Paraguay,2003
14,Paraguay2003,1.428816024,Paraguay,2003
15,Paraguay2003,1.426217026,Paraguay,2003
16,Paraguay2003,1.423968386,Paraguay,2003
17,Paraguay2003,1.422003734,Paraguay,2003
18,Paraguay2003,1.420272468,Paraguay,2003
19,Paraguay2003,1.418735335,Paraguay,2003
20,Paraguay2003,1.417361416,Paraguay,2003
Inf,Paraguay2003,1.397526904,Paraguay,2003
0,Paraguay2005,9,Paraguay,2005
1,Paraguay2005,4.237002766,Paraguay,2005
2,Paraguay2005,2.752023121,Paraguay,2005
3,Paraguay2005,2.312151176,Paraguay,2005
4,Paraguay2005,2.1321599,Paraguay,2005
5,Paraguay2005,2.038736007,Paraguay,2005
6,Paraguay2005,1.982654396,Paraguay,2005
7,Paraguay2005,1.945614207,Paraguay,2005
8,Paraguay2005,1.919443601,Paraguay,2005
9,Paraguay2005,1.900008773,Paraguay,2005
10,Paraguay2005,1.885018171,Paraguay,2005
11,Paraguay2005,1.873107802,Paraguay,2005
12,Paraguay2005,1.863418056,Paraguay,2005
13,Paraguay2005,1.855381308,Paraguay,2005
14,Paraguay2005,1.848607985,Paraguay,2005
15,Paraguay2005,1.84282194,Paraguay,2005
16,Paraguay2005,1.837822012,Paraguay,2005
17,Paraguay2005,1.833458203,Paraguay,2005
18,Paraguay2005,1.829616388,Paraguay,2005
19,Paraguay2005,1.826208199,Paraguay,2005
20,Paraguay2005,1.823164149,Paraguay,2005
Inf,Paraguay2005,1.779456424,Paraguay,2005
0,Peru2001,10,Peru,2001
1,Peru2001,4.026755194,Peru,2001
2,Peru2001,2.83480826,Peru,2001
3,Peru2001,2.439631491,Peru,2001
4,Peru2001,2.255777024,Peru,2001
5,Peru2001,2.154456821,Peru,2001
6,Peru2001,2.09204483,Peru,2001
7,Peru2001,2.050358371,Peru,2001
8,Peru2001,2.020763976,Peru,2001
9,Peru2001,1.998745756,Peru,2001
10,Peru2001,1.981753125,Peru,2001
11,Peru2001,1.968252083,Peru,2001
12,Peru2001,1.957270526,Peru,2001
13,Peru2001,1.948164794,Peru,2001
14,Peru2001,1.940492611,Peru,2001
15,Peru2001,1.933940359,Peru,2001
16,Peru2001,1.928279587,Peru,2001
17,Peru2001,1.923339988,Peru,2001
18,Peru2001,1.918992022,Peru,2001
19,Peru2001,1.915135413,Peru,2001
20,Peru2001,1.911691332,Peru,2001
Inf,Peru2001,1.862290192,Peru,2001
0,Peru2003,2,Peru,2003
1,Peru2003,1.552194722,Peru,2003
2,Peru2003,1.36761488,Peru,2003
3,Peru2003,1.294450933,Peru,2003
4,Peru2003,1.261160964,Peru,2003
5,Peru2003,1.243436677,Peru,2003
6,Peru2003,1.232709403,Peru,2003
7,Peru2003,1.225575793,Peru,2003
8,Peru2003,1.22050019,Peru,2003
9,Peru2003,1.21670638,Peru,2003
10,Peru2003,1.21376364,Peru,2003
11,Peru2003,1.211414548,Peru,2003
12,Peru2003,1.209495941,Peru,2003
13,Peru2003,1.207899422,Peru,2003
14,Peru2003,1.206550167,Peru,2003
15,Peru2003,1.205394863,Peru,2003
16,Peru2003,1.204394494,Peru,2003
17,Peru2003,1.203519853,Peru,2003
18,Peru2003,1.202748637,Peru,2003
19,Peru2003,1.202063528,Peru,2003
20,Peru2003,1.201450866,Peru,2003
Inf,Peru2003,1.192574639,Peru,2003
0,Uruguay2001,3,Uruguay,2001
1,Uruguay2001,1.237568081,Uruguay,2001
2,Uruguay2001,1.104422671,Uruguay,2001
3,Uruguay2001,1.079077945,Uruguay,2001
4,Uruguay2001,1.070038709,Uruguay,2001
5,Uruguay2001,1.065522565,Uruguay,2001
6,Uruguay2001,1.0628211,Uruguay,2001
7,Uruguay2001,1.061023894,Uruguay,2001
8,Uruguay2001,1.059742034,Uruguay,2001
9,Uruguay2001,1.058781656,Uruguay,2001
10,Uruguay2001,1.058035297,Uruguay,2001
11,Uruguay2001,1.057438588,Uruguay,2001
12,Uruguay2001,1.056950623,Uruguay,2001
13,Uruguay2001,1.056544157,Uruguay,2001
14,Uruguay2001,1.056200346,Uruguay,2001
15,Uruguay2001,1.05590574,Uruguay,2001
16,Uruguay2001,1.055650481,Uruguay,2001
17,Uruguay2001,1.055427181,Uruguay,2001
18,Uruguay2001,1.05523019,Uruguay,2001
19,Uruguay2001,1.055055118,Uruguay,2001
20,Uruguay2001,1.054898499,Uruguay,2001
Inf,Uruguay2001,1.052623035,Uruguay,2001
0,Canada2001,15,Canada,2001
1,Canada2001,7.603101688,Canada,2001
2,Canada2001,5.346338433,Canada,2001
3,Canada2001,4.673517395,Canada,2001
4,Canada2001,4.389671113,Canada,2001
5,Canada2001,4.234204649,Canada,2001
6,Canada2001,4.134804698,Canada,2001
7,Canada2001,4.065174086,Canada,2001
8,Canada2001,4.01351511,Canada,2001
9,Canada2001,3.973661134,Canada,2001
10,Canada2001,3.942019341,Canada,2001
11,Canada2001,3.916329099,Canada,2001
12,Canada2001,3.895086918,Canada,2001
13,Canada2001,3.877250855,Canada,2001
14,Canada2001,3.8620756,Canada,2001
15,Canada2001,3.849014383,Canada,2001
16,Canada2001,3.837657624,Canada,2001
17,Canada2001,3.827693025,Canada,2001
18,Canada2001,3.818878753,Canada,2001
19,Canada2001,3.811024964,Canada,2001
20,Canada2001,3.803980782,Canada,2001
Inf,Canada2001,3.690826445,Canada,2001
0,Canada2003,14,Canada,2003
1,Canada2003,8.176592356,Canada,2003
2,Canada2003,5.802178646,Canada,2003
3,Canada2003,4.997653031,Canada,2003
4,Canada2003,4.6524323,Canada,2003
5,Canada2003,4.465337056,Canada,2003
6,Canada2003,4.347427353,Canada,2003
7,Canada2003,4.265955191,Canada,2003
8,Canada2003,4.206245154,Canada,2003
9,Canada2003,4.160666844,Canada,2003
10,Canada2003,4.124808721,Canada,2003
11,Canada2003,4.095921026,Canada,2003
12,Canada2003,4.072193781,Canada,2003
13,Canada2003,4.052385758,Canada,2003
14,Canada2003,4.035618022,Canada,2003
15,Canada2003,4.021251762,Canada,2003
16,Canada2003,4.008812438,Canada,2003
17,Canada2003,3.997940851,Canada,2003
18,Canada2003,3.988360597,Canada,2003
19,Canada2003,3.979855834,Canada,2003
20,Canada2003,3.972255776,Canada,2003
Inf,Canada2003,3.861651925,Canada,2003
0,Canada2007,15,Canada,2007
1,Canada2007,7.934566665,Canada,2007
2,Canada2007,5.18333222,Canada,2007
3,Canada2007,4.339170102,Canada,2007
4,Canada2007,3.992721034,Canada,2007
5,Canada2007,3.807849402,Canada,2007
6,Canada2007,3.691617445,Canada,2007
7,Canada2007,3.610596153,Canada,2007
8,Canada2007,3.550102213,Canada,2007
9,Canada2007,3.502726617,Canada,2007
10,Canada2007,3.46433573,Canada,2007
11,Canada2007,3.432436754,Canada,2007
12,Canada2007,3.405428413,Canada,2007
13,Canada2007,3.382226719,Canada,2007
14,Canada2007,3.362064969,Canada,2007
15,Canada2007,3.344380671,Canada,2007
16,Canada2007,3.328748424,Canada,2007
17,Canada2007,3.314838328,Canada,2007
18,Canada2007,3.302389192,Canada,2007
19,Canada2007,3.291190655,Canada,2007
20,Canada2007,3.281070881,Canada,2007
Inf,Canada2007,3.129476131,Canada,2007
0,The.United.States2001,15,The.United.States,2001
1,The.United.States2001,8.203597472,The.United.States,2001
2,The.United.States2001,5.668928194,The.United.States,2001
3,The.United.States2001,4.817152025,The.United.States,2001
4,The.United.States2001,4.434464036,The.United.States,2001
5,The.United.States2001,4.218372301,The.United.States,2001
6,The.United.States2001,4.078306636,The.United.States,2001
7,The.United.States2001,3.979253406,The.United.States,2001
8,The.United.States2001,3.90492018,The.United.States,2001
9,The.United.States2001,3.846712855,The.United.States,2001
10,The.United.States2001,3.799674607,The.United.States,2001
11,The.United.States2001,3.760744491,The.United.States,2001
12,The.United.States2001,3.727925142,The.United.States,2001
13,The.United.States2001,3.699851793,The.United.States,2001
14,The.United.States2001,3.675554822,The.United.States,2001
15,The.United.States2001,3.65432215,The.United.States,2001
16,The.United.States2001,3.63561597,The.United.States,2001
17,The.United.States2001,3.619020406,The.United.States,2001
18,The.United.States2001,3.604207446,The.United.States,2001
19,The.United.States2001,3.59091405,The.United.States,2001
20,The.United.States2001,3.578926324,The.United.States,2001
Inf,The.United.States2001,3.401291838,The.United.States,2001
0,The.United.States2003,15,The.United.States,2003
1,The.United.States2003,9.269317973,The.United.States,2003
2,The.United.States2003,6.674923342,The.United.States,2003
3,The.United.States2003,5.663155074,The.United.States,2003
4,The.United.States2003,5.178247504,The.United.States,2003
5,The.United.States2003,4.893513721,The.United.States,2003
6,The.United.States2003,4.703009208,The.United.States,2003
7,The.United.States2003,4.565031641,The.United.States,2003
8,The.United.States2003,4.459981189,The.United.States,2003
9,The.United.States2003,4.377269444,The.United.States,2003
10,The.United.States2003,4.310547296,The.United.States,2003
11,The.United.States2003,4.255707573,The.United.States,2003
12,The.United.States2003,4.209944484,The.United.States,2003
13,The.United.States2003,4.171263786,The.United.States,2003
14,The.United.States2003,4.13820537,The.United.States,2003
15,The.United.States2003,4.109675223,The.United.States,2003
16,The.United.States2003,4.084838156,The.United.States,2003
17,The.United.States2003,4.063046496,The.United.States,2003
18,The.United.States2003,4.043791142,The.United.States,2003
19,The.United.States2003,4.026667128,The.United.States,2003
20,The.United.States2003,4.011348867,The.United.States,2003
Inf,The.United.States2003,3.792799205,The.United.States,2003
0,The.United.States2005,13,The.United.States,2005
1,The.United.States2005,7.746223493,The.United.States,2005
2,The.United.States2005,5.577798053,The.United.States,2005
3,The.United.States2005,4.793846545,The.United.States,2005
4,The.United.States2005,4.442469039,The.United.States,2005
5,The.United.States2005,4.250853706,The.United.States,2005
6,The.United.States2005,4.132021135,The.United.States,2005
7,The.United.States2005,4.051763266,The.United.States,2005
8,The.United.States2005,3.994183793,The.United.States,2005
9,The.United.States2005,3.950963479,The.United.States,2005
10,The.United.States2005,3.917357866,The.United.States,2005
11,The.United.States2005,3.890479934,The.United.States,2005
12,The.United.States2005,3.868480903,The.United.States,2005
13,The.United.States2005,3.850126578,The.United.States,2005
14,The.United.States2005,3.834563898,The.United.States,2005
15,The.United.States2005,3.821185534,The.United.States,2005
16,The.United.States2005,3.809547946,The.United.States,2005
17,The.United.States2005,3.799319948,The.United.States,2005
18,The.United.States2005,3.790249395,The.United.States,2005
19,The.United.States2005,3.78214101,The.United.States,2005
20,The.United.States2005,3.774841241,The.United.States,2005
Inf,The.United.States2005,3.648129435,The.United.States,2005
0,Japan2001,15,Japan,2001
1,Japan2001,5.024366105,Japan,2001
2,Japan2001,2.540567584,Japan,2001
3,Japan2001,2.066347191,Japan,2001
4,Japan2001,1.908492959,Japan,2001
5,Japan2001,1.833061834,Japan,2001
6,Japan2001,1.789171834,Japan,2001
7,Japan2001,1.760492144,Japan,2001
8,Japan2001,1.74028815,Japan,2001
9,Japan2001,1.72528743,Japan,2001
10,Japan2001,1.713709652,Japan,2001
11,Japan2001,1.704503394,Japan,2001
12,Japan2001,1.6970078,Japan,2001
13,Japan2001,1.690786656,Japan,2001
14,Japan2001,1.685540429,Japan,2001
15,Japan2001,1.68105662,Japan,2001
16,Japan2001,1.677180302,Japan,2001
17,Japan2001,1.673795857,Japan,2001
18,Japan2001,1.670815253,Japan,2001
19,Japan2001,1.668170284,Japan,2001
20,Japan2001,1.665807282,Japan,2001
Inf,Japan2001,1.631812369,Japan,2001
0,Japan2003,15,Japan,2003
1,Japan2003,4.126637055,Japan,2003
2,Japan2003,2.184785457,Japan,2003
3,Japan2003,1.836456306,Japan,2003
4,Japan2003,1.718494585,Japan,2003
5,Japan2003,1.661456132,Japan,2003
6,Japan2003,1.628068535,Japan,2003
7,Japan2003,1.606176314,Japan,2003
8,Japan2003,1.590718713,Japan,2003
9,Japan2003,1.579223133,Japan,2003
10,Japan2003,1.570339582,Japan,2003
11,Japan2003,1.563268734,Japan,2003
12,Japan2003,1.557507183,Japan,2003
13,Japan2003,1.552722114,Japan,2003
14,Japan2003,1.548684694,Japan,2003
15,Japan2003,1.545232405,Japan,2003
16,Japan2003,1.542246647,Japan,2003
17,Japan2003,1.539638841,Japan,2003
18,Japan2003,1.537341499,Japan,2003
19,Japan2003,1.535302294,Japan,2003
20,Japan2003,1.533480036,Japan,2003
Inf,Japan2003,1.50721768,Japan,2003
0,Japan2005,15,Japan,2005
1,Japan2005,5.004161603,Japan,2005
2,Japan2005,2.550811919,Japan,2005
3,Japan2005,2.075742679,Japan,2005
4,Japan2005,1.916496733,Japan,2005
5,Japan2005,1.840292978,Japan,2005
6,Japan2005,1.795949183,Japan,2005
7,Japan2005,1.766975472,Japan,2005
8,Japan2005,1.746566061,Japan,2005
9,Japan2005,1.73141381,Japan,2005
10,Japan2005,1.719719662,Japan,2005
11,Japan2005,1.710421237,Japan,2005
12,Japan2005,1.702850842,Japan,2005
13,Japan2005,1.696567781,Japan,2005
14,Japan2005,1.691269456,Japan,2005
15,Japan2005,1.686741206,Japan,2005
16,Japan2005,1.682826531,Japan,2005
17,Japan2005,1.679408644,Japan,2005
18,Japan2005,1.676398627,Japan,2005
19,Japan2005,1.673727585,Japan,2005
20,Japan2005,1.671341313,Japan,2005
Inf,Japan2005,1.637014081,Japan,2005
0,Japan2007,15,Japan,2007
1,Japan2007,5.971411594,Japan,2007
2,Japan2007,3.278552989,Japan,2007
3,Japan2007,2.593446547,Japan,2007
4,Japan2007,2.344293299,Japan,2007
5,Japan2007,2.223753844,Japan,2007
6,Japan2007,2.153893593,Japan,2007
7,Japan2007,2.108484244,Japan,2007
8,Japan2007,2.076629378,Japan,2007
9,Japan2007,2.053053622,Japan,2007
10,Japan2007,2.03490202,Japan,2007
11,Japan2007,2.020496341,Japan,2007
12,Japan2007,2.008785763,Japan,2007
13,Japan2007,1.999078811,Japan,2007
14,Japan2007,1.990901883,Japan,2007
15,Japan2007,1.983919713,Japan,2007
16,Japan2007,1.977888309,Japan,2007
17,Japan2007,1.972625874,Japan,2007
18,Japan2007,1.967994178,Japan,2007
19,Japan2007,1.963886245,Japan,2007
20,Japan2007,1.960217995,Japan,2007
Inf,Japan2007,1.907629782,Japan,2007
0,Republic.of.Korea2001,15,Republic.of.Korea,2001
1,Republic.of.Korea2001,5.473033085,Republic.of.Korea,2001
2,Republic.of.Korea2001,3.451269156,Republic.of.Korea,2001
3,Republic.of.Korea2001,2.864470715,Republic.of.Korea,2001
4,Republic.of.Korea2001,2.606822791,Republic.of.Korea,2001
5,Republic.of.Korea2001,2.467864292,Republic.of.Korea,2001
6,Republic.of.Korea2001,2.383283482,Republic.of.Korea,2001
7,Republic.of.Korea2001,2.327240918,Republic.of.Korea,2001
8,Republic.of.Korea2001,2.287670249,Republic.of.Korea,2001
9,Republic.of.Korea2001,2.25833645,Republic.of.Korea,2001
10,Republic.of.Korea2001,2.235753558,Republic.of.Korea,2001
11,Republic.of.Korea2001,2.217841825,Republic.of.Korea,2001
12,Republic.of.Korea2001,2.203291177,Republic.of.Korea,2001
13,Republic.of.Korea2001,2.191237881,Republic.of.Korea,2001
14,Republic.of.Korea2001,2.181090244,Republic.of.Korea,2001
15,Republic.of.Korea2001,2.172429618,Republic.of.Korea,2001
16,Republic.of.Korea2001,2.164951545,Republic.of.Korea,2001
17,Republic.of.Korea2001,2.158429345,Republic.of.Korea,2001
18,Republic.of.Korea2001,2.15269078,Republic.of.Korea,2001
19,Republic.of.Korea2001,2.147602642,Republic.of.Korea,2001
20,Republic.of.Korea2001,2.143060293,Republic.of.Korea,2001
Inf,Republic.of.Korea2001,2.078065646,Republic.of.Korea,2001
0,Republic.of.Korea2003,15,Republic.of.Korea,2003
1,Republic.of.Korea2003,6.313434674,Republic.of.Korea,2003
2,Republic.of.Korea2003,4.06214388,Republic.of.Korea,2003
3,Republic.of.Korea2003,3.385833173,Republic.of.Korea,2003
4,Republic.of.Korea2003,3.078188851,Republic.of.Korea,2003
5,Republic.of.Korea2003,2.904441678,Republic.of.Korea,2003
6,Republic.of.Korea2003,2.794623639,Republic.of.Korea,2003
7,Republic.of.Korea2003,2.720003518,Republic.of.Korea,2003
8,Republic.of.Korea2003,2.666520095,Republic.of.Korea,2003
9,Republic.of.Korea2003,2.626548742,Republic.of.Korea,2003
10,Republic.of.Korea2003,2.595653212,Republic.of.Korea,2003
11,Republic.of.Korea2003,2.571107461,Republic.of.Korea,2003
12,Republic.of.Korea2003,2.551159063,Republic.of.Korea,2003
13,Republic.of.Korea2003,2.534637392,Republic.of.Korea,2003
14,Republic.of.Korea2003,2.520734101,Republic.of.Korea,2003
15,Republic.of.Korea2003,2.508874659,Republic.of.Korea,2003
16,Republic.of.Korea2003,2.498640282,Republic.of.Korea,2003
17,Republic.of.Korea2003,2.489718866,Republic.of.Korea,2003
18,Republic.of.Korea2003,2.481873223,Republic.of.Korea,2003
19,Republic.of.Korea2003,2.47491996,Republic.of.Korea,2003
20,Republic.of.Korea2003,2.468715081,Republic.of.Korea,2003
Inf,Republic.of.Korea2003,2.380200622,Republic.of.Korea,2003
0,Malaysia2003,15,Malaysia,2003
1,Malaysia2003,6.550850506,Malaysia,2003
2,Malaysia2003,4.640429502,Malaysia,2003
3,Malaysia2003,3.989923127,Malaysia,2003
4,Malaysia2003,3.659147313,Malaysia,2003
5,Malaysia2003,3.457751796,Malaysia,2003
6,Malaysia2003,3.323413282,Malaysia,2003
7,Malaysia2003,3.22850901,Malaysia,2003
8,Malaysia2003,3.158591961,Malaysia,2003
9,Malaysia2003,3.105344445,Malaysia,2003
10,Malaysia2003,3.063666766,Malaysia,2003
11,Malaysia2003,3.030284345,Malaysia,2003
12,Malaysia2003,3.003015635,Malaysia,2003
13,Malaysia2003,2.980361693,Malaysia,2003
14,Malaysia2003,2.96126473,Malaysia,2003
15,Malaysia2003,2.944960529,Malaysia,2003
16,Malaysia2003,2.930885287,Malaysia,2003
17,Malaysia2003,2.918615173,Malaysia,2003
18,Malaysia2003,2.907826129,Malaysia,2003
19,Malaysia2003,2.898266552,Malaysia,2003
20,Malaysia2003,2.889738355,Malaysia,2003
Inf,Malaysia2003,2.768460936,Malaysia,2003
0,Malaysia2005,15,Malaysia,2005
1,Malaysia2005,5.2596894,Malaysia,2005
2,Malaysia2005,3.523442415,Malaysia,2005
3,Malaysia2005,3.007706248,Malaysia,2005
4,Malaysia2005,2.76346102,Malaysia,2005
5,Malaysia2005,2.623107408,Malaysia,2005
6,Malaysia2005,2.533688693,Malaysia,2005
7,Malaysia2005,2.472627566,Malaysia,2005
8,Malaysia2005,2.428705775,Malaysia,2005
9,Malaysia2005,2.395793868,Malaysia,2005
10,Malaysia2005,2.370305643,Malaysia,2005
11,Malaysia2005,2.350026964,Malaysia,2005
12,Malaysia2005,2.333528795,Malaysia,2005
13,Malaysia2005,2.319853432,Malaysia,2005
14,Malaysia2005,2.308337866,Malaysia,2005
15,Malaysia2005,2.298509931,Malaysia,2005
16,Malaysia2005,2.290024932,Malaysia,2005
17,Malaysia2005,2.282625674,Malaysia,2005
18,Malaysia2005,2.276116513,Malaysia,2005
19,Malaysia2005,2.27034606,Malaysia,2005
20,Malaysia2005,2.265195371,Malaysia,2005
Inf,Malaysia2005,2.191583237,Malaysia,2005
0,Malaysia2007,15,Malaysia,2007
1,Malaysia2007,7.350362563,Malaysia,2007
2,Malaysia2007,5.020486004,Malaysia,2007
3,Malaysia2007,4.126464648,Malaysia,2007
4,Malaysia2007,3.694364086,Malaysia,2007
5,Malaysia2007,3.451572814,Malaysia,2007
6,Malaysia2007,3.300007942,Malaysia,2007
7,Malaysia2007,3.197894654,Malaysia,2007
8,Malaysia2007,3.125063475,Malaysia,2007
9,Malaysia2007,3.070786903,Malaysia,2007
10,Malaysia2007,3.02891084,Malaysia,2007
11,Malaysia2007,2.995685878,Malaysia,2007
12,Malaysia2007,2.968713302,Malaysia,2007
13,Malaysia2007,2.946395063,Malaysia,2007
14,Malaysia2007,2.927629455,Malaysia,2007
15,Malaysia2007,2.911634323,Malaysia,2007
16,Malaysia2007,2.897840073,Malaysia,2007
17,Malaysia2007,2.88582257,Malaysia,2007
18,Malaysia2007,2.87525975,Malaysia,2007
19,Malaysia2007,2.865902791,Malaysia,2007
20,Malaysia2007,2.857556473,Malaysia,2007
Inf,Malaysia2007,2.738866126,Malaysia,2007
0,Philippines2005,15,Philippines,2005
1,Philippines2005,2.171961008,Philippines,2005
2,Philippines2005,1.388679392,Philippines,2005
3,Philippines2005,1.283724282,Philippines,2005
4,Philippines2005,1.248689752,Philippines,2005
5,Philippines2005,1.231479636,Philippines,2005
6,Philippines2005,1.221265769,Philippines,2005
7,Philippines2005,1.214503559,Philippines,2005
8,Philippines2005,1.209696342,Philippines,2005
9,Philippines2005,1.206103421,Philippines,2005
10,Philippines2005,1.203316306,Philippines,2005
11,Philippines2005,1.201091251,Philippines,2005
12,Philippines2005,1.199273813,Philippines,2005
13,Philippines2005,1.197761382,Philippines,2005
14,Philippines2005,1.196483123,Philippines,2005
15,Philippines2005,1.195388558,Philippines,2005
16,Philippines2005,1.194440745,Philippines,2005
17,Philippines2005,1.193612025,Philippines,2005
18,Philippines2005,1.192881279,Philippines,2005
19,Philippines2005,1.192232102,Philippines,2005
20,Philippines2005,1.19165156,Philippines,2005
Inf,Philippines2005,1.183239194,Philippines,2005
0,Philippines2007,8,Philippines,2007
1,Philippines2007,1.688982505,Philippines,2007
2,Philippines2007,1.264742785,Philippines,2007
3,Philippines2007,1.197063294,Philippines,2007
4,Philippines2007,1.173530548,Philippines,2007
5,Philippines2007,1.161859514,Philippines,2007
6,Philippines2007,1.154908581,Philippines,2007
7,Philippines2007,1.150297515,Philippines,2007
8,Philippines2007,1.14701516,Philippines,2007
9,Philippines2007,1.144559541,Philippines,2007
10,Philippines2007,1.14265325,Philippines,2007
11,Philippines2007,1.141130504,Philippines,2007
12,Philippines2007,1.13988613,Philippines,2007
13,Philippines2007,1.138850188,Philippines,2007
14,Philippines2007,1.137974357,Philippines,2007
15,Philippines2007,1.137224181,Philippines,2007
16,Philippines2007,1.136574429,Philippines,2007
17,Philippines2007,1.1360062,Philippines,2007
18,Philippines2007,1.135505058,Philippines,2007
19,Philippines2007,1.135059783,Philippines,2007
20,Philippines2007,1.134661528,Philippines,2007
Inf,Philippines2007,1.128884496,Philippines,2007
0,Thailand2001,15,Thailand,2001
1,Thailand2001,12.32130432,Thailand,2001
2,Thailand2001,10.2211293,Thailand,2001
3,Thailand2001,8.787740965,Thailand,2001
4,Thailand2001,7.847108096,Thailand,2001
5,Thailand2001,7.220926682,Thailand,2001
6,Thailand2001,6.79122265,Thailand,2001
7,Thailand2001,6.486387295,Thailand,2001
8,Thailand2001,6.263036189,Thailand,2001
9,Thailand2001,6.094415223,Thailand,2001
10,Thailand2001,5.963637187,Thailand,2001
11,Thailand2001,5.859767445,Thailand,2001
12,Thailand2001,5.775538201,Thailand,2001
13,Thailand2001,5.705993117,Thailand,2001
14,Thailand2001,5.647668072,Thailand,2001
15,Thailand2001,5.598085366,Thailand,2001
16,Thailand2001,5.555434498,Thailand,2001
17,Thailand2001,5.518366209,Thailand,2001
18,Thailand2001,5.485856734,Thailand,2001
19,Thailand2001,5.457116457,Thailand,2001
20,Thailand2001,5.431527239,Thailand,2001
Inf,Thailand2001,5.072573288,Thailand,2001
0,Thailand2003,15,Thailand,2003
1,Thailand2003,12.29591329,Thailand,2003
2,Thailand2003,10.34399868,Thailand,2003
3,Thailand2003,9.158556587,Thailand,2003
4,Thailand2003,8.45245403,Thailand,2003
5,Thailand2003,8.006891702,Thailand,2003
6,Thailand2003,7.70546649,Thailand,2003
7,Thailand2003,7.489248017,Thailand,2003
8,Thailand2003,7.327004794,Thailand,2003
9,Thailand2003,7.201001617,Thailand,2003
10,Thailand2003,7.100476916,Thailand,2003
11,Thailand2003,7.018525478,Thailand,2003
12,Thailand2003,6.950512166,Thailand,2003
13,Thailand2003,6.893210613,Thailand,2003
14,Thailand2003,6.844307378,Thailand,2003
15,Thailand2003,6.802102001,Thailand,2003
16,Thailand2003,6.76531791,Thailand,2003
17,Thailand2003,6.732979088,Thailand,2003
18,Thailand2003,6.704327271,Thailand,2003
19,Thailand2003,6.678764964,Thailand,2003
20,Thailand2003,6.655815379,Thailand,2003
Inf,Thailand2003,6.293264571,Thailand,2003
0,Thailand2005,15,Thailand,2005
1,Thailand2005,11.38693794,Thailand,2005
2,Thailand2005,9.436065198,Thailand,2005
3,Thailand2005,8.44989563,Thailand,2005
4,Thailand2005,7.896231239,Thailand,2005
5,Thailand2005,7.544944807,Thailand,2005
6,Thailand2005,7.30028752,Thailand,2005
7,Thailand2005,7.118313438,Thailand,2005
8,Thailand2005,6.976486049,Thailand,2005
9,Thailand2005,6.862124106,Thailand,2005
10,Thailand2005,6.767543324,Thailand,2005
11,Thailand2005,6.687797108,Thailand,2005
12,Thailand2005,6.61953591,Thailand,2005
13,Thailand2005,6.56039295,Thailand,2005
14,Thailand2005,6.508635409,Thailand,2005
15,Thailand2005,6.462956973,Thailand,2005
16,Thailand2005,6.422349066,Thailand,2005
17,Thailand2005,6.38601769,Thailand,2005
18,Thailand2005,6.353327703,Thailand,2005
19,Thailand2005,6.323764232,Thailand,2005
20,Thailand2005,6.296905158,Thailand,2005
Inf,Thailand2005,5.870534758,Thailand,2005
0,Thailand2007,15,Thailand,2007
1,Thailand2007,11.69269282,Thailand,2007
2,Thailand2007,9.636541338,Thailand,2007
3,Thailand2007,8.3761869,Thailand,2007
4,Thailand2007,7.567061621,Thailand,2007
5,Thailand2007,7.023259805,Thailand,2007
6,Thailand2007,6.643493669,Thailand,2007
7,Thailand2007,6.369088783,Thailand,2007
8,Thailand2007,6.164577291,Thailand,2007
9,Thailand2007,6.007857669,Thailand,2007
10,Thailand2007,5.884773934,Thailand,2007
11,Thailand2007,5.786009375,Thailand,2007
12,Thailand2007,5.705266175,Thailand,2007
13,Thailand2007,5.638176955,Thailand,2007
14,Thailand2007,5.581639836,Thailand,2007
15,Thailand2007,5.533402858,Thailand,2007
16,Thailand2007,5.491798135,Thailand,2007
17,Thailand2007,5.455567849,Thailand,2007
18,Thailand2007,5.423747821,Thailand,2007
19,Thailand2007,5.395587969,Thailand,2007
20,Thailand2007,5.370496911,Thailand,2007
Inf,Thailand2007,5.017929994,Thailand,2007
0,Senegal2001,15,Senegal,2001
1,Senegal2001,9.98247295,Senegal,2001
2,Senegal2001,6.693617021,Senegal,2001
3,Senegal2001,5.178371604,Senegal,2001
4,Senegal2001,4.481146609,Senegal,2001
5,Senegal2001,4.11460659,Senegal,2001
6,Senegal2001,3.896671024,Senegal,2001
7,Senegal2001,3.754498826,Senegal,2001
8,Senegal2001,3.655166981,Senegal,2001
9,Senegal2001,3.582098054,Senegal,2001
10,Senegal2001,3.526181837,Senegal,2001
11,Senegal2001,3.482045978,Senegal,2001
12,Senegal2001,3.446335138,Senegal,2001
13,Senegal2001,3.416852252,Senegal,2001
14,Senegal2001,3.392100954,Senegal,2001
15,Senegal2001,3.371027837,Senegal,2001
16,Senegal2001,3.352870224,Senegal,2001
17,Senegal2001,3.337062498,Senegal,2001
18,Senegal2001,3.323176386,Senegal,2001
19,Senegal2001,3.310881683,Senegal,2001
20,Senegal2001,3.299919718,Senegal,2001
Inf,Senegal2001,3.144515525,Senegal,2001
0,Senegal2003,15,Senegal,2003
1,Senegal2003,10.47906527,Senegal,2003
2,Senegal2003,7.925091671,Senegal,2003
3,Senegal2003,6.631950665,Senegal,2003
4,Senegal2003,5.913734346,Senegal,2003
5,Senegal2003,5.47077137,Senegal,2003
6,Senegal2003,5.176947268,Senegal,2003
7,Senegal2003,4.971663189,Senegal,2003
8,Senegal2003,4.822252808,Senegal,2003
9,Senegal2003,4.709739025,Senegal,2003
10,Senegal2003,4.622518395,Senegal,2003
11,Senegal2003,4.553208007,Senegal,2003
12,Senegal2003,4.496948465,Senegal,2003
13,Senegal2003,4.450443535,Senegal,2003
14,Senegal2003,4.411395635,Senegal,2003
15,Senegal2003,4.37816324,Senegal,2003
16,Senegal2003,4.349546991,Senegal,2003
17,Senegal2003,4.324652639,Senegal,2003
18,Senegal2003,4.302801094,Senegal,2003
19,Senegal2003,4.283468053,Senegal,2003
20,Senegal2003,4.266242623,Senegal,2003
Inf,Senegal2003,4.023363862,Senegal,2003
0,Senegal2005,14,Senegal,2005
1,Senegal2005,10.35614888,Senegal,2005
2,Senegal2005,7.302694136,Senegal,2005
3,Senegal2005,5.656854249,Senegal,2005
4,Senegal2005,4.865889196,Senegal,2005
5,Senegal2005,4.448587264,Senegal,2005
6,Senegal2005,4.201013534,Senegal,2005
7,Senegal2005,4.039768652,Senegal,2005
8,Senegal2005,3.927217086,Senegal,2005
9,Senegal2005,3.84447896,Senegal,2005
10,Senegal2005,3.781200327,Senegal,2005
11,Senegal2005,3.731280344,Senegal,2005
12,Senegal2005,3.690909828,Senegal,2005
13,Senegal2005,3.657595087,Senegal,2005
14,Senegal2005,3.62963822,Senegal,2005
15,Senegal2005,3.605844401,Senegal,2005
16,Senegal2005,3.585348941,Senegal,2005
17,Senegal2005,3.567510862,Senegal,2005
18,Senegal2005,3.551845043,Senegal,2005
19,Senegal2005,3.537977611,Senegal,2005
20,Senegal2005,3.525615801,Senegal,2005
Inf,Senegal2005,3.350614626,Senegal,2005
0,Senegal2007,14,Senegal,2007
1,Senegal2007,12.07495289,Senegal,2007
2,Senegal2007,10.16541353,Senegal,2007
3,Senegal2007,8.616185256,Senegal,2007
4,Senegal2007,7.551064489,Senegal,2007
5,Senegal2007,6.864184159,Senegal,2007
6,Senegal2007,6.416586642,Senegal,2007
7,Senegal2007,6.113083955,Senegal,2007
8,Senegal2007,5.897869944,Senegal,2007
9,Senegal2007,5.738886602,Senegal,2007
10,Senegal2007,5.617264692,Senegal,2007
11,Senegal2007,5.521471881,Senegal,2007
12,Senegal2007,5.444175348,Senegal,2007
13,Senegal2007,5.380534717,Senegal,2007
14,Senegal2007,5.327244628,Senegal,2007
15,Senegal2007,5.281978834,Senegal,2007
16,Senegal2007,5.243056067,Senegal,2007
17,Senegal2007,5.209232482,Senegal,2007
18,Senegal2007,5.179568755,Senegal,2007
19,Senegal2007,5.153342567,Senegal,2007
20,Senegal2007,5.129989498,Senegal,2007
Inf,Senegal2007,4.802030427,Senegal,2007
0,Tunisia2001,10,Tunisia,2001
1,Tunisia2001,7.872514252,Tunisia,2001
2,Tunisia2001,6.691419566,Tunisia,2001
3,Tunisia2001,6.055145058,Tunisia,2001
4,Tunisia2001,5.673793988,Tunisia,2001
5,Tunisia2001,5.416039065,Tunisia,2001
6,Tunisia2001,5.226210319,Tunisia,2001
7,Tunisia2001,5.079061161,Tunisia,2001
8,Tunisia2001,4.961613035,Tunisia,2001
9,Tunisia2001,4.866178386,Tunisia,2001
10,Tunisia2001,4.787636616,Tunisia,2001
11,Tunisia2001,4.722310242,Tunisia,2001
12,Tunisia2001,4.667448169,Tunisia,2001
13,Tunisia2001,4.620949005,Tunisia,2001
14,Tunisia2001,4.58118917,Tunisia,2001
15,Tunisia2001,4.546904526,Tunisia,2001
16,Tunisia2001,4.517104279,Tunisia,2001
17,Tunisia2001,4.491006784,Tunisia,2001
18,Tunisia2001,4.467991203,Tunisia,2001
19,Tunisia2001,4.447560933,Tunisia,2001
20,Tunisia2001,4.429315859,Tunisia,2001
Inf,Tunisia2001,4.170986821,Tunisia,2001
0,Tunisia2003,10,Tunisia,2003
1,Tunisia2003,5.727293256,Tunisia,2003
2,Tunisia2003,4.022868506,Tunisia,2003
3,Tunisia2003,3.499128515,Tunisia,2003
4,Tunisia2003,3.295600284,Tunisia,2003
5,Tunisia2003,3.19409077,Tunisia,2003
6,Tunisia2003,3.134041409,Tunisia,2003
7,Tunisia2003,3.094367355,Tunisia,2003
8,Tunisia2003,3.066136321,Tunisia,2003
9,Tunisia2003,3.044962314,Tunisia,2003
10,Tunisia2003,3.028446086,Tunisia,2003
11,Tunisia2003,3.015165564,Tunisia,2003
12,Tunisia2003,3.00422452,Tunisia,2003
13,Tunisia2003,2.995030146,Tunisia,2003
14,Tunisia2003,2.987174704,Tunisia,2003
15,Tunisia2003,2.980368556,Tunisia,2003
16,Tunisia2003,2.974400314,Tunisia,2003
17,Tunisia2003,2.969112097,Tunisia,2003
18,Tunisia2003,2.964383622,Tunisia,2003
19,Tunisia2003,2.960121648,Tunisia,2003
20,Tunisia2003,2.956252791,Tunisia,2003
Inf,Tunisia2003,2.880216579,Tunisia,2003
0,Tunisia2005,15,Tunisia,2005
1,Tunisia2005,10.53970135,Tunisia,2005
2,Tunisia2005,7.504288165,Tunisia,2005
3,Tunisia2005,5.895718165,Tunisia,2005
4,Tunisia2005,5.088433331,Tunisia,2005
5,Tunisia2005,4.649362813,Tunisia,2005
6,Tunisia2005,4.385305098,Tunisia,2005
7,Tunisia2005,4.212499339,Tunisia,2005
8,Tunisia2005,4.091739339,Tunisia,2005
9,Tunisia2005,4.002977094,Tunisia,2005
10,Tunisia2005,3.935121534,Tunisia,2005
11,Tunisia2005,3.881615834,Tunisia,2005
12,Tunisia2005,3.838362941,Tunisia,2005
13,Tunisia2005,3.80268138,Tunisia,2005
14,Tunisia2005,3.772746439,Tunisia,2005
15,Tunisia2005,3.747274824,Tunisia,2005
16,Tunisia2005,3.725338314,Tunisia,2005
17,Tunisia2005,3.706249144,Tunisia,2005
18,Tunisia2005,3.689486973,Tunisia,2005
19,Tunisia2005,3.674650906,Tunisia,2005
20,Tunisia2005,3.661427103,Tunisia,2005
Inf,Tunisia2005,3.474374581,Tunisia,2005
0,Tunisia2007,15,Tunisia,2007
1,Tunisia2007,6.229979477,Tunisia,2007
2,Tunisia2007,3.436230141,Tunisia,2007
3,Tunisia2007,2.713578562,Tunisia,2007
4,Tunisia2007,2.446404426,Tunisia,2007
5,Tunisia2007,2.315650826,Tunisia,2007
6,Tunisia2007,2.23952043,Tunisia,2007
7,Tunisia2007,2.189983245,Tunisia,2007
8,Tunisia2007,2.155238615,Tunisia,2007
9,Tunisia2007,2.129535863,Tunisia,2007
10,Tunisia2007,2.109755618,Tunisia,2007
11,Tunisia2007,2.094063516,Tunisia,2007
12,Tunisia2007,2.081311317,Tunisia,2007
13,Tunisia2007,2.070743814,Tunisia,2007
14,Tunisia2007,2.061843997,Tunisia,2007
15,Tunisia2007,2.054246032,Tunisia,2007
16,Tunisia2007,2.04768378,Tunisia,2007
17,Tunisia2007,2.041959009,Tunisia,2007
18,Tunisia2007,2.036921032,Tunisia,2007
19,Tunisia2007,2.032453267,Tunisia,2007
20,Tunisia2007,2.0284641,Tunisia,2007
Inf,Tunisia2007,1.971317262,Tunisia,2007
0,Cameroon2001,14,Cameroon,2001
1,Cameroon2001,3.195603494,Cameroon,2001
2,Cameroon2001,2.090266236,Cameroon,2001
3,Cameroon2001,1.836004025,Cameroon,2001
4,Cameroon2001,1.730685524,Cameroon,2001
5,Cameroon2001,1.67511737,Cameroon,2001
6,Cameroon2001,1.641492452,Cameroon,2001
7,Cameroon2001,1.619182766,Cameroon,2001
8,Cameroon2001,1.603367646,Cameroon,2001
9,Cameroon2001,1.591591413,Cameroon,2001
10,Cameroon2001,1.5824878,Cameroon,2001
11,Cameroon2001,1.575241346,Cameroon,2001
12,Cameroon2001,1.569336839,Cameroon,2001
13,Cameroon2001,1.564433253,Cameroon,2001
14,Cameroon2001,1.560296015,Cameroon,2001
15,Cameroon2001,1.556758515,Cameroon,2001
16,Cameroon2001,1.553699169,Cameroon,2001
17,Cameroon2001,1.551027173,Cameroon,2001
18,Cameroon2001,1.548673346,Cameroon,2001
19,Cameroon2001,1.546584054,Cameroon,2001
20,Cameroon2001,1.544717076,Cameroon,2001
Inf,Cameroon2001,1.517814464,Cameroon,2001
0,Cameroon2003,15,Cameroon,2003
1,Cameroon2003,4.152768817,Cameroon,2003
2,Cameroon2003,2.71875,Cameroon,2003
3,Cameroon2003,2.33982822,Cameroon,2003
4,Cameroon2003,2.167753151,Cameroon,2003
5,Cameroon2003,2.073384509,Cameroon,2003
6,Cameroon2003,2.015580622,Cameroon,2003
7,Cameroon2003,1.977150626,Cameroon,2003
8,Cameroon2003,1.949945431,Cameroon,2003
9,Cameroon2003,1.929733209,Cameroon,2003
10,Cameroon2003,1.914142846,Cameroon,2003
11,Cameroon2003,1.901757236,Cameroon,2003
12,Cameroon2003,1.891682054,Cameroon,2003
13,Cameroon2003,1.883326533,Cameroon,2003
14,Cameroon2003,1.876285217,Cameroon,2003
15,Cameroon2003,1.870270734,Cameroon,2003
16,Cameroon2003,1.865073771,Cameroon,2003
17,Cameroon2003,1.860538274,Cameroon,2003
18,Cameroon2003,1.856545524,Cameroon,2003
19,Cameroon2003,1.853003607,Cameroon,2003
20,Cameroon2003,1.849840252,Cameroon,2003
Inf,Cameroon2003,1.804433674,Cameroon,2003
0,Cameroon2005,10,Cameroon,2005
1,Cameroon2005,5.206384853,Cameroon,2005
2,Cameroon2005,4.059297022,Cameroon,2005
3,Cameroon2005,3.719367404,Cameroon,2005
4,Cameroon2005,3.557594465,Cameroon,2005
5,Cameroon2005,3.454108589,Cameroon,2005
6,Cameroon2005,3.377642415,Cameroon,2005
7,Cameroon2005,3.317202558,Cameroon,2005
8,Cameroon2005,3.267815877,Cameroon,2005
9,Cameroon2005,3.226714052,Cameroon,2005
10,Cameroon2005,3.192101058,Cameroon,2005
11,Cameroon2005,3.162691638,Cameroon,2005
12,Cameroon2005,3.13751292,Cameroon,2005
13,Cameroon2005,3.115805708,Cameroon,2005
14,Cameroon2005,3.096967571,Cameroon,2005
15,Cameroon2005,3.080515691,Cameroon,2005
16,Cameroon2005,3.066060451,Cameroon,2005
17,Cameroon2005,3.053285685,Cameroon,2005
18,Cameroon2005,3.041933512,Cameroon,2005
19,Cameroon2005,3.03179253,Cameroon,2005
20,Cameroon2005,3.022688556,Cameroon,2005
Inf,Cameroon2005,2.890993579,Cameroon,2005
0,Cameroon2007,13,Cameroon,2007
1,Cameroon2007,7.085374302,Cameroon,2007
2,Cameroon2007,5.334334334,Cameroon,2007
3,Cameroon2007,4.78379547,Cameroon,2007
4,Cameroon2007,4.54885421,Cameroon,2007
5,Cameroon2007,4.422743582,Cameroon,2007
6,Cameroon2007,4.343826593,Cameroon,2007
7,Cameroon2007,4.289033494,Cameroon,2007
8,Cameroon2007,4.248144733,Cameroon,2007
9,Cameroon2007,4.216023502,Cameroon,2007
10,Cameroon2007,4.189824429,Cameroon,2007
11,Cameroon2007,4.167846614,Cameroon,2007
12,Cameroon2007,4.149009362,Cameroon,2007
13,Cameroon2007,4.132590979,Cameroon,2007
14,Cameroon2007,4.118089129,Cameroon,2007
15,Cameroon2007,4.105141696,Cameroon,2007
16,Cameroon2007,4.093479698,Cameroon,2007
17,Cameroon2007,4.082898096,Cameroon,2007
18,Cameroon2007,4.07323704,Cameroon,2007
19,Cameroon2007,4.064369444,Cameroon,2007
20,Cameroon2007,4.056192534,Cameroon,2007
Inf,Cameroon2007,3.894523801,Cameroon,2007
0,Belarus2001,9,Belarus,2001
1,Belarus2001,3.61440617,Belarus,2001
2,Belarus2001,3.023916293,Belarus,2001
3,Belarus2001,2.848730315,Belarus,2001
4,Belarus2001,2.746766237,Belarus,2001
5,Belarus2001,2.675261394,Belarus,2001
6,Belarus2001,2.621664579,Belarus,2001
7,Belarus2001,2.579967093,Belarus,2001
8,Belarus2001,2.546665567,Belarus,2001
9,Belarus2001,2.51952824,Belarus,2001
10,Belarus2001,2.497055059,Belarus,2001
11,Belarus2001,2.478196228,Belarus,2001
12,Belarus2001,2.462192435,Belarus,2001
13,Belarus2001,2.448479319,Belarus,2001
14,Belarus2001,2.43662796,Belarus,2001
15,Belarus2001,2.426306393,Belarus,2001
16,Belarus2001,2.417253832,Belarus,2001
17,Belarus2001,2.40926286,Belarus,2001
18,Belarus2001,2.402166768,Belarus,2001
19,Belarus2001,2.395830342,Belarus,2001
20,Belarus2001,2.390143022,Belarus,2001
Inf,Belarus2001,2.307678859,Belarus,2001
0,Bulgaria2001,14,Bulgaria,2001
1,Bulgaria2001,3.389918037,Bulgaria,2001
2,Bulgaria2001,2.341367798,Bulgaria,2001
3,Bulgaria2001,2.055587793,Bulgaria,2001
4,Bulgaria2001,1.925583677,Bulgaria,2001
5,Bulgaria2001,1.854320116,Bulgaria,2001
6,Bulgaria2001,1.810526181,Bulgaria,2001
7,Bulgaria2001,1.781294694,Bulgaria,2001
8,Bulgaria2001,1.760533841,Bulgaria,2001
9,Bulgaria2001,1.74507285,Bulgaria,2001
10,Bulgaria2001,1.733126969,Bulgaria,2001
11,Bulgaria2001,1.72362477,Bulgaria,2001
12,Bulgaria2001,1.715887664,Bulgaria,2001
13,Bulgaria2001,1.709466198,Bulgaria,2001
14,Bulgaria2001,1.704051295,Bulgaria,2001
15,Bulgaria2001,1.699423562,Bulgaria,2001
16,Bulgaria2001,1.695423016,Bulgaria,2001
17,Bulgaria2001,1.691930259,Bulgaria,2001
18,Bulgaria2001,1.68885439,Bulgaria,2001
19,Bulgaria2001,1.686124978,Bulgaria,2001
20,Bulgaria2001,1.683686612,Bulgaria,2001
Inf,Bulgaria2001,1.648615541,Bulgaria,2001
0,Bulgaria2003,15,Bulgaria,2003
1,Bulgaria2003,2.095166263,Bulgaria,2003
2,Bulgaria2003,1.422997487,Bulgaria,2003
3,Bulgaria2003,1.313497799,Bulgaria,2003
4,Bulgaria2003,1.274817931,Bulgaria,2003
5,Bulgaria2003,1.255651908,Bulgaria,2003
6,Bulgaria2003,1.244272043,Bulgaria,2003
7,Bulgaria2003,1.236741326,Bulgaria,2003
8,Bulgaria2003,1.231390039,Bulgaria,2003
9,Bulgaria2003,1.227391764,Bulgaria,2003
10,Bulgaria2003,1.224290971,Bulgaria,2003
11,Bulgaria2003,1.221815978,Bulgaria,2003
12,Bulgaria2003,1.219794706,Bulgaria,2003
13,Bulgaria2003,1.218112866,Bulgaria,2003
14,Bulgaria2003,1.216691583,Bulgaria,2003
15,Bulgaria2003,1.21547466,Bulgaria,2003
16,Bulgaria2003,1.214420978,Bulgaria,2003
17,Bulgaria2003,1.213499756,Bulgaria,2003
18,Bulgaria2003,1.212687493,Bulgaria,2003
19,Bulgaria2003,1.211965938,Bulgaria,2003
20,Bulgaria2003,1.2113207,Bulgaria,2003
Inf,Bulgaria2003,1.201974166,Bulgaria,2003
0,Bulgaria2005,15,Bulgaria,2005
1,Bulgaria2005,2.928509393,Bulgaria,2005
2,Bulgaria2005,1.779732086,Bulgaria,2005
3,Bulgaria2005,1.572224704,Bulgaria,2005
4,Bulgaria2005,1.497536237,Bulgaria,2005
5,Bulgaria2005,1.460462684,Bulgaria,2005
6,Bulgaria2005,1.438532633,Bulgaria,2005
7,Bulgaria2005,1.424079343,Bulgaria,2005
8,Bulgaria2005,1.413842345,Bulgaria,2005
9,Bulgaria2005,1.406212615,Bulgaria,2005
10,Bulgaria2005,1.400306815,Bulgaria,2005
11,Bulgaria2005,1.395600032,Bulgaria,2005
12,Bulgaria2005,1.391760797,Bulgaria,2005
13,Bulgaria2005,1.388569503,Bulgaria,2005
14,Bulgaria2005,1.385874894,Bulgaria,2005
15,Bulgaria2005,1.383569392,Bulgaria,2005
16,Bulgaria2005,1.381574392,Bulgaria,2005
17,Bulgaria2005,1.379831127,Bulgaria,2005
18,Bulgaria2005,1.378294779,Bulgaria,2005
19,Bulgaria2005,1.376930572,Bulgaria,2005
20,Bulgaria2005,1.375711111,Bulgaria,2005
Inf,Bulgaria2005,1.358095107,Bulgaria,2005
0,Bulgaria2007,15,Bulgaria,2007
1,Bulgaria2007,2.750686132,Bulgaria,2007
2,Bulgaria2007,1.845795799,Bulgaria,2007
3,Bulgaria2007,1.656458032,Bulgaria,2007
4,Bulgaria2007,1.577107817,Bulgaria,2007
5,Bulgaria2007,1.534850047,Bulgaria,2007
6,Bulgaria2007,1.509179659,Bulgaria,2007
7,Bulgaria2007,1.492112379,Bulgaria,2007
8,Bulgaria2007,1.479995362,Bulgaria,2007
9,Bulgaria2007,1.470961754,Bulgaria,2007
10,Bulgaria2007,1.463971245,Bulgaria,2007
11,Bulgaria2007,1.458402156,Bulgaria,2007
12,Bulgaria2007,1.453861241,Bulgaria,2007
13,Bulgaria2007,1.450087909,Bulgaria,2007
14,Bulgaria2007,1.446902732,Bulgaria,2007
15,Bulgaria2007,1.444178146,Bulgaria,2007
16,Bulgaria2007,1.441820989,Bulgaria,2007
17,Bulgaria2007,1.439761632,Bulgaria,2007
18,Bulgaria2007,1.437946995,Bulgaria,2007
19,Bulgaria2007,1.436335905,Bulgaria,2007
20,Bulgaria2007,1.434895933,Bulgaria,2007
Inf,Bulgaria2007,1.414113364,Bulgaria,2007
0,Croatia2001,14,Croatia,2001
1,Croatia2001,1.596437046,Croatia,2001
2,Croatia2001,1.220472654,Croatia,2001
3,Croatia2001,1.164326008,Croatia,2001
4,Croatia2001,1.144901337,Croatia,2001
5,Croatia2001,1.135262808,Croatia,2001
6,Croatia2001,1.129516585,Croatia,2001
7,Croatia2001,1.125701839,Croatia,2001
8,Croatia2001,1.122984906,Croatia,2001
9,Croatia2001,1.120951511,Croatia,2001
10,Croatia2001,1.119372527,Croatia,2001
11,Croatia2001,1.118110941,Croatia,2001
12,Croatia2001,1.117079792,Croatia,2001
13,Croatia2001,1.116221228,Croatia,2001
14,Croatia2001,1.115495266,Croatia,2001
15,Croatia2001,1.114873388,Croatia,2001
16,Croatia2001,1.114334708,Croatia,2001
17,Croatia2001,1.113863577,Croatia,2001
18,Croatia2001,1.113448038,Croatia,2001
19,Croatia2001,1.113078801,Croatia,2001
20,Croatia2001,1.112748534,Croatia,2001
Inf,Croatia2001,1.107955718,Croatia,2001
0,Croatia2003,16,Croatia,2003
1,Croatia2003,1.547615343,Croatia,2003
2,Croatia2003,1.170542065,Croatia,2003
3,Croatia2003,1.12619771,Croatia,2003
4,Croatia2003,1.111431815,Croatia,2003
5,Croatia2003,1.104117232,Croatia,2003
6,Croatia2003,1.099751546,Croatia,2003
7,Croatia2003,1.096850682,Croatia,2003
8,Croatia2003,1.094783322,Croatia,2003
9,Croatia2003,1.093235359,Croatia,2003
10,Croatia2003,1.092032902,Croatia,2003
11,Croatia2003,1.091071888,Croatia,2003
12,Croatia2003,1.090286233,Croatia,2003
13,Croatia2003,1.089631953,Croatia,2003
14,Croatia2003,1.089078638,Croatia,2003
15,Croatia2003,1.088604592,Croatia,2003
16,Croatia2003,1.088193918,Croatia,2003
17,Croatia2003,1.087834706,Croatia,2003
18,Croatia2003,1.087517853,Croatia,2003
19,Croatia2003,1.087236283,Croatia,2003
20,Croatia2003,1.086984414,Croatia,2003
Inf,Croatia2003,1.083327452,Croatia,2003
0,Croatia2005,14,Croatia,2005
1,Croatia2005,1.456911492,Croatia,2005
2,Croatia2005,1.141002209,Croatia,2005
3,Croatia2005,1.104599418,Croatia,2005
4,Croatia2005,1.092462547,Croatia,2005
5,Croatia2005,1.086441078,Croatia,2005
6,Croatia2005,1.082844092,Croatia,2005
7,Croatia2005,1.080452718,Croatia,2005
8,Croatia2005,1.078747829,Croatia,2005
9,Croatia2005,1.077470927,Croatia,2005
10,Croatia2005,1.076478826,Croatia,2005
11,Croatia2005,1.075685803,Croatia,2005
12,Croatia2005,1.075037401,Croatia,2005
13,Croatia2005,1.074497365,Croatia,2005
14,Croatia2005,1.074040622,Croatia,2005
15,Croatia2005,1.073649284,Croatia,2005
16,Croatia2005,1.073310239,Croatia,2005
17,Croatia2005,1.073013662,Croatia,2005
18,Croatia2005,1.072752045,Croatia,2005
19,Croatia2005,1.07251955,Croatia,2005
20,Croatia2005,1.072311571,Croatia,2005
Inf,Croatia2005,1.069290976,Croatia,2005
0,Croatia2007,15,Croatia,2007
1,Croatia2007,2.386609729,Croatia,2007
2,Croatia2007,1.53533224,Croatia,2007
3,Croatia2007,1.392980782,Croatia,2007
4,Croatia2007,1.343254669,Croatia,2007
5,Croatia2007,1.318747886,Croatia,2007
6,Croatia2007,1.304236304,Croatia,2007
7,Croatia2007,1.294648943,Croatia,2007
8,Croatia2007,1.287843857,Croatia,2007
9,Croatia2007,1.282763514,Croatia,2007
10,Croatia2007,1.278825994,Croatia,2007
11,Croatia2007,1.275684683,Croatia,2007
12,Croatia2007,1.273120259,Croatia,2007
13,Croatia2007,1.270987177,Croatia,2007
14,Croatia2007,1.269185054,Croatia,2007
15,Croatia2007,1.267642411,Croatia,2007
16,Croatia2007,1.26630697,Croatia,2007
17,Croatia2007,1.265139613,Croatia,2007
18,Croatia2007,1.264110487,Croatia,2007
19,Croatia2007,1.26319641,Croatia,2007
20,Croatia2007,1.262379112,Croatia,2007
Inf,Croatia2007,1.250550756,Croatia,2007
0,Denmark2003,15,Denmark,2003
1,Denmark2003,4.663889419,Denmark,2003
2,Denmark2003,2.948991596,Denmark,2003
3,Denmark2003,2.597392356,Denmark,2003
4,Denmark2003,2.451325183,Denmark,2003
5,Denmark2003,2.365581599,Denmark,2003
6,Denmark2003,2.307364615,Denmark,2003
7,Denmark2003,2.264968766,Denmark,2003
8,Denmark2003,2.23280354,Denmark,2003
9,Denmark2003,2.207697962,Denmark,2003
10,Denmark2003,2.187664848,Denmark,2003
11,Denmark2003,2.171381891,Denmark,2003
12,Denmark2003,2.157934175,Denmark,2003
13,Denmark2003,2.146670702,Denmark,2003
14,Denmark2003,2.137117981,Denmark,2003
15,Denmark2003,2.128925219,Denmark,2003
16,Denmark2003,2.121828269,Denmark,2003
17,Denmark2003,2.115625275,Denmark,2003
18,Denmark2003,2.110159882,Denmark,2003
19,Denmark2003,2.105309443,Denmark,2003
20,Denmark2003,2.100976617,Denmark,2003
Inf,Denmark2003,2.038897006,Denmark,2003
0,Denmark2005,15,Denmark,2005
1,Denmark2005,4.690149854,Denmark,2005
2,Denmark2005,3.062674572,Denmark,2005
3,Denmark2005,2.765182307,Denmark,2005
4,Denmark2005,2.660146779,Denmark,2005
5,Denmark2005,2.606077214,Denmark,2005
6,Denmark2005,2.572060324,Denmark,2005
7,Denmark2005,2.547982555,Denmark,2005
8,Denmark2005,2.529596966,Denmark,2005
9,Denmark2005,2.51481227,Denmark,2005
10,Denmark2005,2.502479713,Denmark,2005
11,Denmark2005,2.491915494,Denmark,2005
12,Denmark2005,2.482686358,Denmark,2005
13,Denmark2005,2.47450351,Denmark,2005
14,Denmark2005,2.467166039,Denmark,2005
15,Denmark2005,2.460528901,Denmark,2005
16,Denmark2005,2.454483912,Denmark,2005
17,Denmark2005,2.448948004,Denmark,2005
18,Denmark2005,2.44385573,Denmark,2005
19,Denmark2005,2.439154329,Denmark,2005
20,Denmark2005,2.434800404,Denmark,2005
Inf,Denmark2005,2.356562786,Denmark,2005
0,Denmark2007,14,Denmark,2007
1,Denmark2007,6.030017003,Denmark,2007
2,Denmark2007,3.729517631,Denmark,2007
3,Denmark2007,3.149968168,Denmark,2007
4,Denmark2007,2.916361686,Denmark,2007
5,Denmark2007,2.786626919,Denmark,2007
6,Denmark2007,2.701867314,Denmark,2007
7,Denmark2007,2.641584425,Denmark,2007
8,Denmark2007,2.596500822,Denmark,2007
9,Denmark2007,2.561621399,Denmark,2007
10,Denmark2007,2.53394232,Denmark,2007
11,Denmark2007,2.511523866,Denmark,2007
12,Denmark2007,2.493051839,Denmark,2007
13,Denmark2007,2.477604554,Denmark,2007
14,Denmark2007,2.464518234,Denmark,2007
15,Denmark2007,2.453304408,Denmark,2007
16,Denmark2007,2.443596939,Denmark,2007
17,Denmark2007,2.435116919,Denmark,2007
18,Denmark2007,2.427648775,Denmark,2007
19,Denmark2007,2.421023669,Denmark,2007
20,Denmark2007,2.415107752,Denmark,2007
Inf,Denmark2007,2.330590504,Denmark,2007
0,Estonia2001,9,Estonia,2001
1,Estonia2001,1.632730786,Estonia,2001
2,Estonia2001,1.287127992,Estonia,2001
3,Estonia2001,1.218952945,Estonia,2001
4,Estonia2001,1.193104572,Estonia,2001
5,Estonia2001,1.180063197,Estonia,2001
6,Estonia2001,1.172278206,Estonia,2001
7,Estonia2001,1.167114109,Estonia,2001
8,Estonia2001,1.163439149,Estonia,2001
9,Estonia2001,1.1606905,Estonia,2001
10,Estonia2001,1.15855715,Estonia,2001
11,Estonia2001,1.156853293,Estonia,2001
12,Estonia2001,1.155461092,Estonia,2001
13,Estonia2001,1.154302205,Estonia,2001
14,Estonia2001,1.153322516,Estonia,2001
15,Estonia2001,1.152483444,Estonia,2001
16,Estonia2001,1.151756742,Estonia,2001
17,Estonia2001,1.151121254,Estonia,2001
18,Estonia2001,1.150560821,Estonia,2001
19,Estonia2001,1.150062887,Estonia,2001
20,Estonia2001,1.149617549,Estonia,2001
Inf,Estonia2001,1.143159378,Estonia,2001
0,Estonia2003,8,Estonia,2003
1,Estonia2003,1.696105513,Estonia,2003
2,Estonia2003,1.26392884,Estonia,2003
3,Estonia2003,1.195780359,Estonia,2003
4,Estonia2003,1.172355266,Estonia,2003
5,Estonia2003,1.160764869,Estonia,2003
6,Estonia2003,1.153863758,Estonia,2003
7,Estonia2003,1.149285744,Estonia,2003
8,Estonia2003,1.146026856,Estonia,2003
9,Estonia2003,1.143588755,Estonia,2003
10,Estonia2003,1.141696041,Estonia,2003
11,Estonia2003,1.140184125,Estonia,2003
12,Estonia2003,1.138948593,Estonia,2003
13,Estonia2003,1.137920005,Estonia,2003
14,Estonia2003,1.137050388,Estonia,2003
15,Estonia2003,1.13630553,Estonia,2003
16,Estonia2003,1.135660381,Estonia,2003
17,Estonia2003,1.135096177,Estonia,2003
18,Estonia2003,1.134598582,Estonia,2003
19,Estonia2003,1.134156459,Estonia,2003
20,Estonia2003,1.133761021,Estonia,2003
Inf,Estonia2003,1.128024758,Estonia,2003
0,Finland2001,15,Finland,2001
1,Finland2001,4.930339326,Finland,2001
2,Finland2001,2.645350496,Finland,2001
3,Finland2001,2.168101827,Finland,2001
4,Finland2001,1.998059345,Finland,2001
5,Finland2001,1.914614202,Finland,2001
6,Finland2001,1.865693505,Finland,2001
7,Finland2001,1.833683266,Finland,2001
8,Finland2001,1.81113863,Finland,2001
9,Finland2001,1.79440904,Finland,2001
10,Finland2001,1.781503432,Finland,2001
11,Finland2001,1.771245688,Finland,2001
12,Finland2001,1.762896911,Finland,2001
13,Finland2001,1.755969661,Finland,2001
14,Finland2001,1.750129406,Finland,2001
15,Finland2001,1.745138935,Finland,2001
16,Finland2001,1.740825373,Finland,2001
17,Finland2001,1.737059753,Finland,2001
18,Finland2001,1.733743912,Finland,2001
19,Finland2001,1.730801812,Finland,2001
20,Finland2001,1.728173639,Finland,2001
Inf,Finland2001,1.690393782,Finland,2001
0,Finland2003,15,Finland,2003
1,Finland2003,5.320564036,Finland,2003
2,Finland2003,2.930424308,Finland,2003
3,Finland2003,2.394454665,Finland,2003
4,Finland2003,2.193927649,Finland,2003
5,Finland2003,2.092749392,Finland,2003
6,Finland2003,2.032697225,Finland,2003
7,Finland2003,1.993237703,Finland,2003
8,Finland2003,1.965425388,Finland,2003
9,Finland2003,1.944796163,Finland,2003
10,Finland2003,1.928894469,Finland,2003
11,Finland2003,1.916265033,Finland,2003
12,Finland2003,1.905992918,Finland,2003
13,Finland2003,1.897474769,Finland,2003
14,Finland2003,1.890296811,Finland,2003
15,Finland2003,1.884165882,Finland,2003
16,Finland2003,1.878868494,Finland,2003
17,Finland2003,1.874245498,Finland,2003
18,Finland2003,1.870175831,Finland,2003
19,Finland2003,1.866565768,Finland,2003
20,Finland2003,1.863341619,Finland,2003
Inf,Finland2003,1.817069655,Finland,2003
0,Germany2001,15,Germany,2001
1,Germany2001,3.748092493,Germany,2001
2,Germany2001,2.716851058,Germany,2001
3,Germany2001,2.532499042,Germany,2001
4,Germany2001,2.465881065,Germany,2001
5,Germany2001,2.432002329,Germany,2001
6,Germany2001,2.411267595,Germany,2001
7,Germany2001,2.397057074,Germany,2001
8,Germany2001,2.386553167,Germany,2001
9,Germany2001,2.378359212,Germany,2001
10,Germany2001,2.371705034,Germany,2001
11,Germany2001,2.366131395,Germany,2001
12,Germany2001,2.361347623,Germany,2001
13,Germany2001,2.357160874,Germany,2001
14,Germany2001,2.353438235,Germany,2001
15,Germany2001,2.350085162,Germany,2001
16,Germany2001,2.347032588,Germany,2001
17,Germany2001,2.344228887,Germany,2001
18,Germany2001,2.341634697,Germany,2001
19,Germany2001,2.339219467,Germany,2001
20,Germany2001,2.336959109,Germany,2001
Inf,Germany2001,2.282963124,Germany,2001
0,Germany2003,16,Germany,2003
1,Germany2003,3.565124234,Germany,2003
2,Germany2003,2.573070723,Germany,2003
3,Germany2003,2.415534531,Germany,2003
4,Germany2003,2.358671439,Germany,2003
5,Germany2003,2.328204938,Germany,2003
6,Germany2003,2.308247321,Germany,2003
7,Germany2003,2.293565817,Germany,2003
8,Germany2003,2.281948681,Germany,2003
9,Germany2003,2.272302303,Germany,2003
10,Germany2003,2.264024332,Germany,2003
11,Germany2003,2.256755367,Germany,2003
12,Germany2003,2.250266996,Germany,2003
13,Germany2003,2.244406251,Germany,2003
14,Germany2003,2.239065954,Germany,2003
15,Germany2003,2.234167932,Germany,2003
16,Germany2003,2.229653082,Germany,2003
17,Germany2003,2.225475253,Germany,2003
18,Germany2003,2.221597356,Germany,2003
19,Germany2003,2.217988835,Germany,2003
20,Germany2003,2.214623965,Germany,2003
Inf,Germany2003,2.151764009,Germany,2003
0,Greece2001,14,Greece,2001
1,Greece2001,3.097454055,Greece,2001
2,Greece2001,2.02389769,Greece,2001
3,Greece2001,1.796005278,Greece,2001
4,Greece2001,1.699781234,Greece,2001
5,Greece2001,1.647881923,Greece,2001
6,Greece2001,1.616100699,Greece,2001
7,Greece2001,1.59489522,Greece,2001
8,Greece2001,1.579824466,Greece,2001
9,Greece2001,1.568589493,Greece,2001
10,Greece2001,1.559899487,Greece,2001
11,Greece2001,1.552980227,Greece,2001
12,Greece2001,1.547341307,Greece,2001
13,Greece2001,1.542657699,Greece,2001
14,Greece2001,1.538705676,Greece,2001
15,Greece2001,1.535326275,Greece,2001
16,Greece2001,1.532403461,Greece,2001
17,Greece2001,1.529850563,Greece,2001
18,Greece2001,1.527601537,Greece,2001
19,Greece2001,1.525605179,Greece,2001
20,Greece2001,1.523821175,Greece,2001
Inf,Greece2001,1.498106649,Greece,2001
0,Greece2003,15,Greece,2003
1,Greece2003,2.072725412,Greece,2003
2,Greece2003,1.440607683,Greece,2003
3,Greece2003,1.33234908,Greece,2003
4,Greece2003,1.291883564,Greece,2003
5,Greece2003,1.271496875,Greece,2003
6,Greece2003,1.259352328,Greece,2003
7,Greece2003,1.251312804,Greece,2003
8,Greece2003,1.245600827,Greece,2003
9,Greece2003,1.241333854,Greece,2003
10,Greece2003,1.238025192,Greece,2003
11,Greece2003,1.235384611,Greece,2003
12,Greece2003,1.233228326,Greece,2003
13,Greece2003,1.231434297,Greece,2003
14,Greece2003,1.229918311,Greece,2003
15,Greece2003,1.22862038,Greece,2003
16,Greece2003,1.227496614,Greece,2003
17,Greece2003,1.226514162,Greece,2003
18,Greece2003,1.225647946,Greece,2003
19,Greece2003,1.22487849,Greece,2003
20,Greece2003,1.224190438,Greece,2003
Inf,Greece2003,1.214226003,Greece,2003
0,Greece2005,15,Greece,2005
1,Greece2005,2.519520228,Greece,2005
2,Greece2005,1.606680044,Greece,2005
3,Greece2005,1.451318684,Greece,2005
4,Greece2005,1.39445346,Greece,2005
5,Greece2005,1.365978398,Greece,2005
6,Greece2005,1.34906745,Greece,2005
7,Greece2005,1.337896608,Greece,2005
8,Greece2005,1.329972375,Greece,2005
9,Greece2005,1.324059785,Greece,2005
10,Greece2005,1.319479251,Greece,2005
11,Greece2005,1.315826231,Greece,2005
12,Greece2005,1.31284492,Greece,2005
13,Greece2005,1.310365654,Greece,2005
14,Greece2005,1.308271472,Greece,2005
15,Greece2005,1.306479122,Greece,2005
16,Greece2005,1.304927738,Greece,2005
17,Greece2005,1.303571789,Greece,2005
18,Greece2005,1.302376534,Greece,2005
19,Greece2005,1.301315004,Greece,2005
20,Greece2005,1.300365948,Greece,2005
Inf,Greece2005,1.286639493,Greece,2005
0,Greece2007,15,Greece,2007
1,Greece2007,3.439549285,Greece,2007
2,Greece2007,1.995832885,Greece,2007
3,Greece2007,1.733005243,Greece,2007
4,Greece2007,1.636073677,Greece,2007
5,Greece2007,1.587313767,Greece,2007
6,Greece2007,1.558374936,Greece,2007
7,Greece2007,1.539309713,Greece,2007
8,Greece2007,1.525822785,Greece,2007
9,Greece2007,1.515783018,Greece,2007
10,Greece2007,1.508019599,Greece,2007
11,Greece2007,1.501837426,Greece,2007
12,Greece2007,1.496798125,Greece,2007
13,Greece2007,1.492611624,Greece,2007
14,Greece2007,1.489078346,Greece,2007
15,Greece2007,1.48605648,Greece,2007
16,Greece2007,1.483442491,Greece,2007
17,Greece2007,1.481159022,Greece,2007
18,Greece2007,1.479147116,Greece,2007
19,Greece2007,1.477361049,Greece,2007
20,Greece2007,1.475764818,Greece,2007
Inf,Greece2007,1.452740943,Greece,2007
0,Isreal2001,15,Isreal,2001
1,Isreal2001,8.431213021,Isreal,2001
2,Isreal2001,6.048612481,Isreal,2001
3,Isreal2001,5.223900924,Isreal,2001
4,Isreal2001,4.835214086,Isreal,2001
5,Isreal2001,4.602265752,Isreal,2001
6,Isreal2001,4.441889557,Isreal,2001
7,Isreal2001,4.322587413,Isreal,2001
8,Isreal2001,4.229752069,Isreal,2001
9,Isreal2001,4.155442092,Isreal,2001
10,Isreal2001,4.094788385,Isreal,2001
11,Isreal2001,4.044539731,Isreal,2001
12,Isreal2001,4.002397478,Isreal,2001
13,Isreal2001,3.966674394,Isreal,2001
14,Isreal2001,3.936100608,Isreal,2001
15,Isreal2001,3.909703274,Isreal,2001
16,Isreal2001,3.88672694,Isreal,2001
17,Isreal2001,3.866578399,Isreal,2001
18,Isreal2001,3.848787275,Isreal,2001
19,Isreal2001,3.832977251,Isreal,2001
20,Isreal2001,3.818844745,Isreal,2001
Inf,Isreal2001,3.617776487,Isreal,2001
0,Isreal2003,15,Isreal,2003
1,Isreal2003,8.921233253,Isreal,2003
2,Isreal2003,6.103911973,Isreal,2003
3,Isreal2003,5.000398772,Isreal,2003
4,Isreal2003,4.49529328,Isreal,2003
5,Isreal2003,4.216293588,Isreal,2003
6,Isreal2003,4.039569542,Isreal,2003
7,Isreal2003,3.916945552,Isreal,2003
8,Isreal2003,3.826537804,Isreal,2003
9,Isreal2003,3.757038079,Isreal,2003
10,Isreal2003,3.701972902,Isreal,2003
11,Isreal2003,3.657330966,Isreal,2003
12,Isreal2003,3.62047208,Isreal,2003
13,Isreal2003,3.589576978,Isreal,2003
14,Isreal2003,3.563347126,Isreal,2003
15,Isreal2003,3.540829696,Isreal,2003
16,Isreal2003,3.521309798,Isreal,2003
17,Isreal2003,3.504241083,Isreal,2003
18,Isreal2003,3.489199423,Isreal,2003
19,Isreal2003,3.475851053,Isreal,2003
20,Isreal2003,3.463930141,Isreal,2003
Inf,Isreal2003,3.294432052,Isreal,2003
0,Isreal2005,15,Isreal,2005
1,Isreal2005,10.94610196,Isreal,2005
2,Isreal2005,7.939583591,Isreal,2005
3,Isreal2005,6.274041796,Isreal,2005
4,Isreal2005,5.41505573,Isreal,2005
5,Isreal2005,4.940215706,Isreal,2005
6,Isreal2005,4.652100569,Isreal,2005
7,Isreal2005,4.462721699,Isreal,2005
8,Isreal2005,4.330128404,Isreal,2005
9,Isreal2005,4.232607028,Isreal,2005
10,Isreal2005,4.158053154,Isreal,2005
11,Isreal2005,4.099278779,Isreal,2005
12,Isreal2005,4.051781528,Isreal,2005
13,Isreal2005,4.012611199,Isreal,2005
14,Isreal2005,3.979759344,Isreal,2005
15,Isreal2005,3.951813414,Isreal,2005
16,Isreal2005,3.927751884,Isreal,2005
17,Isreal2005,3.906818061,Isreal,2005
18,Isreal2005,3.888439641,Isreal,2005
19,Isreal2005,3.872175833,Isreal,2005
20,Isreal2005,3.857681662,Isreal,2005
Inf,Isreal2005,3.652888635,Isreal,2005
0,Isreal2007,14,Isreal,2007
1,Isreal2007,10.20364749,Isreal,2007
2,Isreal2007,7.485235505,Isreal,2007
3,Isreal2007,6.083878156,Isreal,2007
4,Isreal2007,5.37602936,Isreal,2007
5,Isreal2007,4.976070061,Isreal,2007
6,Isreal2007,4.723831156,Isreal,2007
7,Isreal2007,4.551261615,Isreal,2007
8,Isreal2007,4.426156752,Isreal,2007
9,Isreal2007,4.331556639,Isreal,2007
10,Isreal2007,4.257705113,Isreal,2007
11,Isreal2007,4.198586728,Isreal,2007
12,Isreal2007,4.150286937,Isreal,2007
13,Isreal2007,4.110148402,Isreal,2007
14,Isreal2007,4.076305393,Isreal,2007
15,Isreal2007,4.047411426,Isreal,2007
16,Isreal2007,4.022472126,Isreal,2007
17,Isreal2007,4.000738557,Isreal,2007
18,Isreal2007,3.98163688,Isreal,2007
19,Isreal2007,3.964720691,Isreal,2007
20,Isreal2007,3.949637969,Isreal,2007
Inf,Isreal2007,3.736427802,Isreal,2007
0,Italia2001,15,Italia,2001
1,Italia2001,5.072705215,Italia,2001
2,Italia2001,3.1459834,Italia,2001
3,Italia2001,2.697743781,Italia,2001
4,Italia2001,2.506963898,Italia,2001
5,Italia2001,2.398555792,Italia,2001
6,Italia2001,2.328283433,Italia,2001
7,Italia2001,2.279294761,Italia,2001
8,Italia2001,2.243453576,Italia,2001
9,Italia2001,2.216263718,Italia,2001
10,Italia2001,2.195028284,Italia,2001
11,Italia2001,2.178037995,Italia,2001
12,Italia2001,2.164164148,Italia,2001
13,Italia2001,2.152636328,Italia,2001
14,Italia2001,2.142913672,Italia,2001
15,Italia2001,2.134606997,Italia,2001
16,Italia2001,2.127430055,Italia,2001
17,Italia2001,2.121168127,Italia,2001
18,Italia2001,2.115657267,Italia,2001
19,Italia2001,2.110770282,Italia,2001
20,Italia2001,2.106407056,Italia,2001
Inf,Italia2001,2.04394846,Italia,2001
0,Italia2003,15,Italia,2003
1,Italia2003,3.928086134,Italia,2003
2,Italia2003,2.723120661,Italia,2003
3,Italia2003,2.530251725,Italia,2003
4,Italia2003,2.464953075,Italia,2003
5,Italia2003,2.432746084,Italia,2003
6,Italia2003,2.413551322,Italia,2003
7,Italia2003,2.400781332,Italia,2003
8,Italia2003,2.391652225,Italia,2003
9,Italia2003,2.384785464,Italia,2003
10,Italia2003,2.37942049,Italia,2003
11,Italia2003,2.375103342,Italia,2003
12,Italia2003,2.371546313,Italia,2003
13,Italia2003,2.368558231,Italia,2003
14,Italia2003,2.366007105,Italia,2003
15,Italia2003,2.363798871,Italia,2003
16,Italia2003,2.361864687,Italia,2003
17,Italia2003,2.360153011,Italia,2003
18,Italia2003,2.358624487,Italia,2003
19,Italia2003,2.35724855,Italia,2003
20,Italia2003,2.356001099,Italia,2003
Inf,Italia2003,2.32978207,Italia,2003
0,Luxembourg2001,15,Luxembourg,2001
1,Luxembourg2001,3.430937587,Luxembourg,2001
2,Luxembourg2001,2.288366437,Luxembourg,2001
3,Luxembourg2001,2.051848131,Luxembourg,2001
4,Luxembourg2001,1.943488771,Luxembourg,2001
5,Luxembourg2001,1.879541872,Luxembourg,2001
6,Luxembourg2001,1.837781677,Luxembourg,2001
7,Luxembourg2001,1.808789736,Luxembourg,2001
8,Luxembourg2001,1.787716854,Luxembourg,2001
9,Luxembourg2001,1.77181983,Luxembourg,2001
10,Luxembourg2001,1.75945199,Luxembourg,2001
11,Luxembourg2001,1.749578947,Luxembourg,2001
12,Luxembourg2001,1.741525486,Luxembourg,2001
13,Luxembourg2001,1.734835691,Luxembourg,2001
14,Luxembourg2001,1.729192305,Luxembourg,2001
15,Luxembourg2001,1.724368532,Luxembourg,2001
16,Luxembourg2001,1.720198311,Luxembourg,2001
17,Luxembourg2001,1.716557429,Luxembourg,2001
18,Luxembourg2001,1.713351195,Luxembourg,2001
19,Luxembourg2001,1.7105062,Luxembourg,2001
20,Luxembourg2001,1.707964665,Luxembourg,2001
Inf,Luxembourg2001,1.671420784,Luxembourg,2001
0,Luxembourg2003,15,Luxembourg,2003
1,Luxembourg2003,2.293861861,Luxembourg,2003
2,Luxembourg2003,1.605516275,Luxembourg,2003
3,Luxembourg2003,1.467793304,Luxembourg,2003
4,Luxembourg2003,1.411497158,Luxembourg,2003
5,Luxembourg2003,1.382137033,Luxembourg,2003
6,Luxembourg2003,1.364474848,Luxembourg,2003
7,Luxembourg2003,1.352766096,Luxembourg,2003
8,Luxembourg2003,1.34445353,Luxembourg,2003
9,Luxembourg2003,1.338250664,Luxembourg,2003
10,Luxembourg2003,1.333445634,Luxembourg,2003
11,Luxembourg2003,1.329613964,Luxembourg,2003
12,Luxembourg2003,1.326487139,Luxembourg,2003
13,Luxembourg2003,1.323887066,Luxembourg,2003
14,Luxembourg2003,1.321690985,Luxembourg,2003
15,Luxembourg2003,1.31981153,Luxembourg,2003
16,Luxembourg2003,1.318184831,Luxembourg,2003
17,Luxembourg2003,1.316763113,Luxembourg,2003
18,Luxembourg2003,1.315509931,Luxembourg,2003
19,Luxembourg2003,1.314396991,Luxembourg,2003
20,Luxembourg2003,1.313402002,Luxembourg,2003
Inf,Luxembourg2003,1.299014293,Luxembourg,2003
0,Malta2003,11,Malta,2003
1,Malta2003,4.512006519,Malta,2003
2,Malta2003,2.752864157,Malta,2003
3,Malta2003,2.295435713,Malta,2003
4,Malta2003,2.114945083,Malta,2003
5,Malta2003,2.022378209,Malta,2003
6,Malta2003,1.96711317,Malta,2003
7,Malta2003,1.930705583,Malta,2003
8,Malta2003,1.905010446,Malta,2003
9,Malta2003,1.885936824,Malta,2003
10,Malta2003,1.871226724,Malta,2003
11,Malta2003,1.859539351,Malta,2003
12,Malta2003,1.850030737,Malta,2003
13,Malta2003,1.842143897,Malta,2003
14,Malta2003,1.835496643,Malta,2003
15,Malta2003,1.829818079,Malta,2003
16,Malta2003,1.824910866,Malta,2003
17,Malta2003,1.820627851,Malta,2003
18,Malta2003,1.816857068,Malta,2003
19,Malta2003,1.813511818,Malta,2003
20,Malta2003,1.81052392,Malta,2003
Inf,Malta2003,1.767616037,Malta,2003
0,The.Netherlands2001,16,The.Netherlands,2001
1,The.Netherlands2001,4.114677555,The.Netherlands,2001
2,The.Netherlands2001,2.757548749,The.Netherlands,2001
3,The.Netherlands2001,2.531165395,The.Netherlands,2001
4,The.Netherlands2001,2.446300814,The.Netherlands,2001
5,The.Netherlands2001,2.398474793,The.Netherlands,2001
6,The.Netherlands2001,2.365712318,The.Netherlands,2001
7,The.Netherlands2001,2.340838675,The.Netherlands,2001
8,The.Netherlands2001,2.320815316,The.Netherlands,2001
9,The.Netherlands2001,2.304116795,The.Netherlands,2001
10,The.Netherlands2001,2.289875464,The.Netherlands,2001
11,The.Netherlands2001,2.277546857,The.Netherlands,2001
12,The.Netherlands2001,2.266761256,The.Netherlands,2001
13,The.Netherlands2001,2.257251403,The.Netherlands,2001
14,The.Netherlands2001,2.248814573,The.Netherlands,2001
15,The.Netherlands2001,2.241291353,The.Netherlands,2001
16,The.Netherlands2001,2.234553031,The.Netherlands,2001
17,The.Netherlands2001,2.228493681,The.Netherlands,2001
18,The.Netherlands2001,2.223024907,The.Netherlands,2001
19,The.Netherlands2001,2.218072184,The.Netherlands,2001
20,The.Netherlands2001,2.213572201,The.Netherlands,2001
Inf,The.Netherlands2001,2.144763585,The.Netherlands,2001
0,The.Netherlands2003,15,The.Netherlands,2003
1,The.Netherlands2003,3.388117701,The.Netherlands,2003
2,The.Netherlands2003,2.250511237,The.Netherlands,2003
3,The.Netherlands2003,2.014840681,The.Netherlands,2003
4,The.Netherlands2003,1.907597674,The.Netherlands,2003
5,The.Netherlands2003,1.84498105,The.Netherlands,2003
6,The.Netherlands2003,1.804473202,The.Netherlands,2003
7,The.Netherlands2003,1.776542497,The.Netherlands,2003
8,The.Netherlands2003,1.756332013,The.Netherlands,2003
9,The.Netherlands2003,1.741127496,The.Netherlands,2003
10,The.Netherlands2003,1.729317226,The.Netherlands,2003
11,The.Netherlands2003,1.719897436,The.Netherlands,2003
12,The.Netherlands2003,1.712217051,The.Netherlands,2003
13,The.Netherlands2003,1.705838408,The.Netherlands,2003
14,The.Netherlands2003,1.700457857,The.Netherlands,2003
15,The.Netherlands2003,1.695858744,The.Netherlands,2003
16,The.Netherlands2003,1.691882619,The.Netherlands,2003
17,The.Netherlands2003,1.68841104,The.Netherlands,2003
18,The.Netherlands2003,1.685353751,The.Netherlands,2003
19,The.Netherlands2003,1.682640788,The.Netherlands,2003
20,The.Netherlands2003,1.680217095,The.Netherlands,2003
Inf,The.Netherlands2003,1.645355425,The.Netherlands,2003
0,Poland2001,14,Poland,2001
1,Poland2001,1.899412154,Poland,2001
2,Poland2001,1.314070778,Poland,2001
3,Poland2001,1.231104679,Poland,2001
4,Poland2001,1.203073807,Poland,2001
5,Poland2001,1.189254796,Poland,2001
6,Poland2001,1.181038206,Poland,2001
7,Poland2001,1.175591985,Poland,2001
8,Poland2001,1.171717208,Poland,2001
9,Poland2001,1.168819508,Poland,2001
10,Poland2001,1.166570697,Poland,2001
11,Poland2001,1.164774764,Poland,2001
12,Poland2001,1.163307421,Poland,2001
13,Poland2001,1.162086047,Poland,2001
14,Poland2001,1.161053579,Poland,2001
15,Poland2001,1.160169336,Poland,2001
16,Poland2001,1.159403537,Poland,2001
17,Poland2001,1.158733877,Poland,2001
18,Poland2001,1.158143322,Poland,2001
19,Poland2001,1.157618637,Poland,2001
20,Poland2001,1.157149384,Poland,2001
Inf,Poland2001,1.150345345,Poland,2001
0,Poland2003,14,Poland,2003
1,Poland2003,2.070546058,Poland,2003
2,Poland2003,1.402910891,Poland,2003
3,Poland2003,1.296051669,Poland,2003
4,Poland2003,1.259436708,Poland,2003
5,Poland2003,1.241417321,Poland,2003
6,Poland2003,1.23072548,Poland,2003
7,Poland2003,1.223648604,Poland,2003
8,Poland2003,1.218618611,Poland,2003
9,Poland2003,1.21485969,Poland,2003
10,Poland2003,1.211944103,Poland,2003
11,Poland2003,1.209616671,Poland,2003
12,Poland2003,1.207715734,Poland,2003
13,Poland2003,1.206133902,Poland,2003
14,Poland2003,1.204797048,Poland,2003
15,Poland2003,1.203652352,Poland,2003
16,Poland2003,1.202661161,Poland,2003
17,Poland2003,1.201794539,Poland,2003
18,Poland2003,1.201030392,Poland,2003
19,Poland2003,1.200351557,Poland,2003
20,Poland2003,1.199744504,Poland,2003
Inf,Poland2003,1.190949272,Poland,2003
0,Poland2005,15,Poland,2005
1,Poland2005,2.006295081,Poland,2005
2,Poland2005,1.382662378,Poland,2005
3,Poland2005,1.282272252,Poland,2005
4,Poland2005,1.247569711,Poland,2005
5,Poland2005,1.230451342,Poland,2005
6,Poland2005,1.2202872,Poland,2005
7,Poland2005,1.213557456,Poland,2005
8,Poland2005,1.20877321,Poland,2005
9,Poland2005,1.205197406,Poland,2005
10,Poland2005,1.20242354,Poland,2005
11,Poland2005,1.200209045,Poland,2005
12,Poland2005,1.198400218,Poland,2005
13,Poland2005,1.196894946,Poland,2005
14,Poland2005,1.195622731,Poland,2005
15,Poland2005,1.194533337,Poland,2005
16,Poland2005,1.193589999,Poland,2005
17,Poland2005,1.192765189,Poland,2005
18,Poland2005,1.192037889,Poland,2005
19,Poland2005,1.191391772,Poland,2005
20,Poland2005,1.190813964,Poland,2005
Inf,Poland2005,1.182441104,Poland,2005
0,Serbia2001,15,Serbia,2001
1,Serbia2001,1.593302101,Serbia,2001
2,Serbia2001,1.204847526,Serbia,2001
3,Serbia2001,1.152148245,Serbia,2001
4,Serbia2001,1.134206883,Serbia,2001
5,Serbia2001,1.125316131,Serbia,2001
6,Serbia2001,1.120014332,Serbia,2001
7,Serbia2001,1.116493655,Serbia,2001
8,Serbia2001,1.113985661,Serbia,2001
9,Serbia2001,1.112108364,Serbia,2001
10,Serbia2001,1.110650432,Serbia,2001
11,Serbia2001,1.109485462,Serbia,2001
12,Serbia2001,1.108533214,Serbia,2001
13,Serbia2001,1.107740298,Serbia,2001
14,Serbia2001,1.107069812,Serbia,2001
15,Serbia2001,1.106495433,Serbia,2001
16,Serbia2001,1.105997879,Serbia,2001
17,Serbia2001,1.105562703,Serbia,2001
18,Serbia2001,1.105178866,Serbia,2001
19,Serbia2001,1.104837789,Serbia,2001
20,Serbia2001,1.104532705,Serbia,2001
Inf,Serbia2001,1.100104625,Serbia,2001
0,Serbia2003,15,Serbia,2003
1,Serbia2003,1.596407344,Serbia,2003
2,Serbia2003,1.213538213,Serbia,2003
3,Serbia2003,1.158902086,Serbia,2003
4,Serbia2003,1.140134121,Serbia,2003
5,Serbia2003,1.130829224,Serbia,2003
6,Serbia2003,1.125281484,Serbia,2003
7,Serbia2003,1.121598068,Serbia,2003
8,Serbia2003,1.118974439,Serbia,2003
9,Serbia2003,1.117010745,Serbia,2003
10,Serbia2003,1.11548581,Serbia,2003
11,Serbia2003,1.114267362,Serbia,2003
12,Serbia2003,1.113271439,Serbia,2003
13,Serbia2003,1.112442184,Serbia,2003
14,Serbia2003,1.111740989,Serbia,2003
15,Serbia2003,1.111140316,Serbia,2003
16,Serbia2003,1.110619995,Serbia,2003
17,Serbia2003,1.110164915,Serbia,2003
18,Serbia2003,1.109763528,Serbia,2003
19,Serbia2003,1.109406862,Serbia,2003
20,Serbia2003,1.109087836,Serbia,2003
Inf,Serbia2003,1.104457825,Serbia,2003
0,Serbia2005,13,Serbia,2005
1,Serbia2005,1.743879182,Serbia,2005
2,Serbia2005,1.279295033,Serbia,2005
3,Serbia2005,1.208223651,Serbia,2005
4,Serbia2005,1.183311426,Serbia,2005
5,Serbia2005,1.170939627,Serbia,2005
6,Serbia2005,1.163572268,Serbia,2005
7,Serbia2005,1.158686063,Serbia,2005
8,Serbia2005,1.155208458,Serbia,2005
9,Serbia2005,1.152607104,Serbia,2005
10,Serbia2005,1.150587879,Serbia,2005
11,Serbia2005,1.148975046,Serbia,2005
12,Serbia2005,1.147657137,Serbia,2005
13,Serbia2005,1.146560035,Serbia,2005
14,Serbia2005,1.145632536,Serbia,2005
15,Serbia2005,1.144838135,Serbia,2005
16,Serbia2005,1.1441501,Serbia,2005
17,Serbia2005,1.143548408,Serbia,2005
18,Serbia2005,1.143017766,Serbia,2005
19,Serbia2005,1.142546291,Serbia,2005
20,Serbia2005,1.14212461,Serbia,2005
Inf,Serbia2005,1.136008632,Serbia,2005
0,Serbia2007,15,Serbia,2007
1,Serbia2007,1.702965695,Serbia,2007
2,Serbia2007,1.220456949,Serbia,2007
3,Serbia2007,1.162496213,Serbia,2007
4,Serbia2007,1.143226754,Serbia,2007
5,Serbia2007,1.133702822,Serbia,2007
6,Serbia2007,1.128026394,Serbia,2007
7,Serbia2007,1.124257902,Serbia,2007
8,Serbia2007,1.121573832,Serbia,2007
9,Serbia2007,1.119564986,Serbia,2007
10,Serbia2007,1.118005038,Serbia,2007
11,Serbia2007,1.116758645,Serbia,2007
12,Serbia2007,1.115739902,Serbia,2007
13,Serbia2007,1.11489166,Serbia,2007
14,Serbia2007,1.11417442,Serbia,2007
15,Serbia2007,1.11356001,Serbia,2007
16,Serbia2007,1.113027796,Serbia,2007
17,Serbia2007,1.112562317,Serbia,2007
18,Serbia2007,1.112151762,Serbia,2007
19,Serbia2007,1.111786951,Serbia,2007
20,Serbia2007,1.111460643,Serbia,2007
Inf,Serbia2007,1.106725158,Serbia,2007
0,Slovenia2001,15,Slovenia,2001
1,Slovenia2001,1.668231838,Slovenia,2001
2,Slovenia2001,1.227864855,Slovenia,2001
3,Slovenia2001,1.169269027,Slovenia,2001
4,Slovenia2001,1.149211741,Slovenia,2001
5,Slovenia2001,1.139268967,Slovenia,2001
6,Slovenia2001,1.133342744,Slovenia,2001
7,Slovenia2001,1.129408977,Slovenia,2001
8,Slovenia2001,1.126607502,Slovenia,2001
9,Slovenia2001,1.124510957,Slovenia,2001
10,Slovenia2001,1.122883008,Slovenia,2001
11,Slovenia2001,1.121582347,Slovenia,2001
12,Slovenia2001,1.120519289,Slovenia,2001
13,Slovenia2001,1.119634178,Slovenia,2001
14,Slovenia2001,1.118885784,Slovenia,2001
15,Slovenia2001,1.118244701,Slovenia,2001
16,Slovenia2001,1.117689394,Slovenia,2001
17,Slovenia2001,1.117203726,Slovenia,2001
18,Slovenia2001,1.11677537,Slovenia,2001
19,Slovenia2001,1.116394748,Slovenia,2001
20,Slovenia2001,1.116054301,Slovenia,2001
Inf,Slovenia2001,1.111114066,Slovenia,2001
0,Slovenia2003,15,Slovenia,2003
1,Slovenia2003,1.31021424,Slovenia,2003
2,Slovenia2003,1.096134065,Slovenia,2003
3,Slovenia2003,1.07176787,Slovenia,2003
4,Slovenia2003,1.063552449,Slovenia,2003
5,Slovenia2003,1.059464784,Slovenia,2003
6,Slovenia2003,1.057019661,Slovenia,2003
7,Slovenia2003,1.055392713,Slovenia,2003
8,Slovenia2003,1.054232141,Slovenia,2003
9,Slovenia2003,1.05336255,Slovenia,2003
10,Slovenia2003,1.052686697,Slovenia,2003
11,Slovenia2003,1.052146327,Slovenia,2003
12,Slovenia2003,1.051704412,Slovenia,2003
13,Slovenia2003,1.051336292,Slovenia,2003
14,Slovenia2003,1.051024906,Slovenia,2003
15,Slovenia2003,1.050758077,Slovenia,2003
16,Slovenia2003,1.05052688,Slovenia,2003
17,Slovenia2003,1.050324625,Slovenia,2003
18,Slovenia2003,1.050146196,Slovenia,2003
19,Slovenia2003,1.049987619,Slovenia,2003
20,Slovenia2003,1.049845754,Slovenia,2003
Inf,Slovenia2003,1.04778443,Slovenia,2003
0,Spain2001,15,Spain,2001
1,Spain2001,3.068798519,Spain,2001
2,Spain2001,2.006545595,Spain,2001
3,Spain2001,1.784883919,Spain,2001
4,Spain2001,1.690679558,Spain,2001
5,Spain2001,1.639684474,Spain,2001
6,Spain2001,1.608404599,Spain,2001
7,Spain2001,1.587517291,Spain,2001
8,Spain2001,1.572667083,Spain,2001
9,Spain2001,1.561594414,Spain,2001
10,Spain2001,1.553029039,Spain,2001
11,Spain2001,1.546208562,Spain,2001
12,Spain2001,1.540649888,Spain,2001
13,Spain2001,1.536032767,Spain,2001
14,Spain2001,1.532136735,Spain,2001
15,Spain2001,1.528805132,Spain,2001
16,Spain2001,1.525923599,Spain,2001
17,Spain2001,1.523406712,Spain,2001
18,Spain2001,1.521189377,Spain,2001
19,Spain2001,1.519221122,Spain,2001
20,Spain2001,1.517462211,Spain,2001
Inf,Spain2001,1.492107077,Spain,2001
0,Spain2003,15,Spain,2003
1,Spain2003,3.077797526,Spain,2003
2,Spain2003,2.028216766,Spain,2003
3,Spain2003,1.810160349,Spain,2003
4,Spain2003,1.715463942,Spain,2003
5,Spain2003,1.663286907,Spain,2003
6,Spain2003,1.630956194,Spain,2003
7,Spain2003,1.609256839,Spain,2003
8,Spain2003,1.593793285,Spain,2003
9,Spain2003,1.582252213,Spain,2003
10,Spain2003,1.57332151,Spain,2003
11,Spain2003,1.566209622,Spain,2003
12,Spain2003,1.560413623,Spain,2003
13,Spain2003,1.555599675,Spain,2003
14,Spain2003,1.551537832,Spain,2003
15,Spain2003,1.548064663,Spain,2003
16,Spain2003,1.545060863,Spain,2003
17,Spain2003,1.542437316,Spain,2003
18,Spain2003,1.540126121,Spain,2003
19,Spain2003,1.538074632,Spain,2003
20,Spain2003,1.536241406,Spain,2003
Inf,Spain2003,1.509822004,Spain,2003
0,Australia2001,10,Australia,2001
1,Australia2001,4.745609427,Australia,2001
2,Australia2001,2.796303888,Australia,2001
3,Australia2001,2.275565178,Australia,2001
4,Australia2001,2.085031385,Australia,2001
5,Australia2001,1.992234273,Australia,2001
6,Australia2001,1.938150586,Australia,2001
7,Australia2001,1.902862042,Australia,2001
8,Australia2001,1.878042908,Australia,2001
9,Australia2001,1.859640182,Australia,2001
10,Australia2001,1.84545155,Australia,2001
11,Australia2001,1.834178603,Australia,2001
12,Australia2001,1.825006516,Australia,2001
13,Australia2001,1.817398157,Australia,2001
14,Australia2001,1.810985094,Australia,2001
15,Australia2001,1.805506197,Australia,2001
16,Australia2001,1.80077123,Australia,2001
17,Australia2001,1.796638321,Australia,2001
18,Australia2001,1.792999514,Australia,2001
19,Australia2001,1.789771207,Australia,2001
20,Australia2001,1.786887649,Australia,2001
Inf,Australia2001,1.745466426,Australia,2001
0,Australia2003,10,Australia,2003
1,Australia2003,4.534651949,Australia,2003
2,Australia2003,2.588718222,Australia,2003
3,Australia2003,2.116920269,Australia,2003
4,Australia2003,1.951555176,Australia,2003
5,Australia2003,1.871937926,Australia,2003
6,Australia2003,1.825595271,Australia,2003
7,Australia2003,1.795327477,Australia,2003
8,Australia2003,1.774014277,Australia,2003
9,Australia2003,1.758195481,Australia,2003
10,Australia2003,1.745989547,Australia,2003
11,Australia2003,1.736285838,Australia,2003
12,Australia2003,1.728386567,Australia,2003
13,Australia2003,1.7218313,Australia,2003
14,Australia2003,1.716303959,Australia,2003
15,Australia2003,1.711580363,Australia,2003
16,Australia2003,1.707497096,Australia,2003
17,Australia2003,1.70393223,Australia,2003
18,Australia2003,1.700792941,Australia,2003
19,Australia2003,1.698007317,Australia,2003
20,Australia2003,1.695518785,Australia,2003
Inf,Australia2003,1.659731567,Australia,2003
0,New.Zealand2001,15,New.Zealand,2001
1,New.Zealand2001,3.439575164,New.Zealand,2001
2,New.Zealand2001,1.943930992,New.Zealand,2001
3,New.Zealand2001,1.67668557,New.Zealand,2001
4,New.Zealand2001,1.584533687,New.Zealand,2001
5,New.Zealand2001,1.539684564,New.Zealand,2001
6,New.Zealand2001,1.513338823,New.Zealand,2001
7,New.Zealand2001,1.496022323,New.Zealand,2001
8,New.Zealand2001,1.483774555,New.Zealand,2001
9,New.Zealand2001,1.474654554,New.Zealand,2001
10,New.Zealand2001,1.46759999,New.Zealand,2001
11,New.Zealand2001,1.461980645,New.Zealand,2001
12,New.Zealand2001,1.457399007,New.Zealand,2001
13,New.Zealand2001,1.453591945,New.Zealand,2001
14,New.Zealand2001,1.450378353,New.Zealand,2001
15,New.Zealand2001,1.447629502,New.Zealand,2001
16,New.Zealand2001,1.445251378,New.Zealand,2001
17,New.Zealand2001,1.443173725,New.Zealand,2001
18,New.Zealand2001,1.441342982,New.Zealand,2001
19,New.Zealand2001,1.439717604,New.Zealand,2001
20,New.Zealand2001,1.438264873,New.Zealand,2001
Inf,New.Zealand2001,1.417299212,New.Zealand,2001
0,New.Zealand2003,15,New.Zealand,2003
1,New.Zealand2003,3.942140331,New.Zealand,2003
2,New.Zealand2003,2.158564832,New.Zealand,2003
3,New.Zealand2003,1.826633713,New.Zealand,2003
4,New.Zealand2003,1.711172797,New.Zealand,2003
5,New.Zealand2003,1.654915262,New.Zealand,2003
6,New.Zealand2003,1.621926322,New.Zealand,2003
7,New.Zealand2003,1.600286098,New.Zealand,2003
8,New.Zealand2003,1.585004198,New.Zealand,2003
9,New.Zealand2003,1.573638425,New.Zealand,2003
10,New.Zealand2003,1.564854732,New.Zealand,2003
11,New.Zealand2003,1.557863088,New.Zealand,2003
12,New.Zealand2003,1.552165893,New.Zealand,2003
13,New.Zealand2003,1.54743415,New.Zealand,2003
14,New.Zealand2003,1.543441635,New.Zealand,2003
15,New.Zealand2003,1.54002768,New.Zealand,2003
16,New.Zealand2003,1.537075027,New.Zealand,2003
17,New.Zealand2003,1.5344961,New.Zealand,2003
18,New.Zealand2003,1.53222417,New.Zealand,2003
19,New.Zealand2003,1.5302075,New.Zealand,2003
20,New.Zealand2003,1.528405362,New.Zealand,2003
Inf,New.Zealand2003,1.50243112,New.Zealand,2003
0,New.Zealand2005,15,New.Zealand,2005
1,New.Zealand2005,4.746303092,New.Zealand,2005
2,New.Zealand2005,2.60298045,New.Zealand,2005
3,New.Zealand2005,2.141713393,New.Zealand,2005
4,New.Zealand2005,1.975584758,New.Zealand,2005
5,New.Zealand2005,1.894167236,New.Zealand,2005
6,New.Zealand2005,1.846505377,New.Zealand,2005
7,New.Zealand2005,1.815333698,New.Zealand,2005
8,New.Zealand2005,1.793380268,New.Zealand,2005
9,New.Zealand2005,1.777087789,New.Zealand,2005
10,New.Zealand2005,1.764517943,New.Zealand,2005
11,New.Zealand2005,1.754526056,New.Zealand,2005
12,New.Zealand2005,1.746392964,New.Zealand,2005
13,New.Zealand2005,1.739644193,New.Zealand,2005
14,New.Zealand2005,1.733954068,New.Zealand,2005
15,New.Zealand2005,1.729091633,New.Zealand,2005
16,New.Zealand2005,1.724888554,New.Zealand,2005
17,New.Zealand2005,1.721219242,New.Zealand,2005
18,New.Zealand2005,1.717988097,New.Zealand,2005
19,New.Zealand2005,1.71512106,New.Zealand,2005
20,New.Zealand2005,1.712559872,New.Zealand,2005
Inf,New.Zealand2005,1.675735734,New.Zealand,2005
